event_key,year,round,event_name,event_format,rehearsal_source,field_size,roster_source,target_result_used_for_roster,forecast_sha256,target_read_after_forecast_frozen,training_event_count,baseline_qualifying_mae,baseline_qualifying_kendall,baseline_qualifying_top3_overlap,Q1_fixed_rank_blend_mae,Q1_fixed_rank_blend_kendall,Q1_fixed_rank_blend_top3_overlap,Q2_ridge_rank_residual_mae,Q2_ridge_rank_residual_kendall,Q2_ridge_rank_residual_top3_overlap,lap_scored_rows,lap_forecast_rows,lap_target_missing_rows,lap_raw_rehearsal_missing_rows,wet_rehearsal_fraction,clean_lap_count_median,baseline_best_lap_mae,L1_fractional_source_shift_mae,L2_huber_context_residual_mae
202201,2022,1,Bahrain Grand Prix,unknown,practice_3,20,latest_target_aligned_pre_qualifying_session_only,False,c46cbf4556632ad040c041ea700dd3ac0a942c12b7b53e4a05b2a2fafa861262,True,0,3.4,0.5263157894736842,0.6666666666666666,3.1,0.5789473684210527,0.6666666666666666,3.4,0.5263157894736842,0.6666666666666666,19,20,0,1,0.0,9.0,2.0101052631578944,2.0101052631578944,2.0101052631578944
202202,2022,2,Saudi Arabian Grand Prix,unknown,practice_3,20,latest_target_aligned_pre_qualifying_session_only,False,25fdff61e17024618f82701545a02a04e66061d1f0515bddbf761aca04f0c81b,True,1,2.7,0.5894736842105264,0.6666666666666666,2.6,0.6421052631578947,0.6666666666666666,2.7,0.5894736842105264,0.6666666666666666,19,20,1,0,0.0,10.0,0.8920222470985387,0.820611078112578,0.8920222470985387
202203,2022,3,Australian Grand Prix,unknown,practice_3,20,latest_target_aligned_pre_qualifying_session_only,False,9e9c7147aa45d9ccf74b8db734f3b329ffeef3c61e3a0b4ec6081770563614e9,True,2,2.3,0.7052631578947369,0.6666666666666666,2.0,0.7578947368421053,0.6666666666666666,2.3,0.7052631578947369,0.6666666666666666,18,20,1,1,0.0,7.0,1.1622064576248547,0.8677815456609821,1.1622064576248547
202205,2022,5,Miami Grand Prix,unknown,practice_3,20,latest_target_aligned_pre_qualifying_session_only,False,0d3bdabc55dd2ef23b18f8293024272ec9dd323b07e672b067ffbd325eac52c9,True,3,5.5,0.22105263157894736,0.6666666666666666,4.9,0.2736842105263158,0.6666666666666666,5.5,0.22105263157894736,0.6666666666666666,19,20,1,1,0.0,12.0,0.6186140352243721,0.6152734800471679,0.6186140352243721
202206,2022,6,Spanish Grand Prix,unknown,practice_3,20,latest_target_aligned_pre_qualifying_session_only,False,56442fc8d7422a4328460ac8a15ebb7decf27985cd2f9f3f93e53fa45a88ebba,True,4,2.0,0.7473684210526316,0.6666666666666666,2.1,0.7473684210526316,0.6666666666666666,2.0,0.7473684210526316,0.6666666666666666,19,20,0,1,0.0,8.5,1.0436842105263142,0.8942579024367265,1.0436842105263142
202207,2022,7,Monaco Grand Prix,unknown,practice_3,20,latest_target_aligned_pre_qualifying_session_only,False,c5efc9c65cf4a3cf33118cf7a8aad3a19a99e425197e1f57e1ae023d6e48aa93,True,5,2.5,0.6526315789473685,1.0,2.1,0.6947368421052632,1.0,2.5,0.6526315789473685,1.0,20,20,0,0,0.0,17.0,0.4373866666147386,0.4257375717710282,0.4373866666147386
202208,2022,8,Azerbaijan Grand Prix,unknown,practice_3,20,latest_target_aligned_pre_qualifying_session_only,False,9ee4e28c6640e7ca4f643e0249e449fa2db7feaccd64620978ec69dbc3a4dfe8,True,6,2.6,0.6421052631578947,1.0,2.2,0.6947368421052632,1.0,2.6,0.6421052631578947,1.0,20,20,0,0,0.0,9.0,0.5663266667705216,0.562299999999999,0.5663266667705216
202209,2022,9,Canadian Grand Prix,unknown,practice_3,20,latest_target_aligned_pre_qualifying_session_only,False,025469f1b18f56942bdd2d4e6928608ef92e254a74f0e08e93fefe827ea6e3e4,True,7,6.2,0.052631578947368425,0.3333333333333333,5.9,0.09473684210526316,0.3333333333333333,6.2,0.052631578947368425,0.3333333333333333,19,20,0,1,0.95,9.5,6.984431579193346,6.959884804625987,6.984431579193346
202210,2022,10,British Grand Prix,unknown,practice_3,20,latest_target_aligned_pre_qualifying_session_only,False,b8d893c419ca222cc0c2dfa00888fcc5244f89ea57813a282f65934712661c1c,True,8,3.7,0.5157894736842106,0.6666666666666666,3.5,0.5263157894736842,0.6666666666666666,3.7,0.5157894736842106,0.6666666666666666,20,20,0,0,0.0,12.0,13.278035412019744,13.159059701325187,13.278035412019744
202212,2022,12,French Grand Prix,unknown,practice_3,20,latest_target_aligned_pre_qualifying_session_only,False,dabf3e385ef43bb70a5e8786f8f0ccd07e60e7ec180d67f57cb2d1893d34c459,True,9,2.9,0.5894736842105264,0.6666666666666666,2.7,0.6421052631578947,0.6666666666666666,2.9,0.5894736842105264,0.6666666666666666,20,20,0,0,0.0,9.0,0.44917333322947783,0.4570589190740115,0.44917333322947783
202213,2022,13,Hungarian Grand Prix,unknown,practice_3,20,latest_target_aligned_pre_qualifying_session_only,False,78511cf21c668d73f3d18f64abb1bdf0f45ccf6080554fe2869883a1425e9dab,True,10,5.5,0.16842105263157894,0.3333333333333333,4.5,0.3473684210526316,0.6666666666666666,5.5,0.16842105263157894,0.3333333333333333,20,20,0,0,1.0,8.0,24.975533333852617,24.80125045830315,24.975533333852617
202214,2022,14,Belgian Grand Prix,unknown,practice_3,20,latest_target_aligned_pre_qualifying_session_only,False,17e6d864a04d9339733e3ad4c260e42369c527e7aeedbd4256206b7d5f272cc1,True,11,3.2,0.5789473684210527,1.0,2.2,0.6736842105263158,1.0,3.2,0.5789473684210527,1.0,20,20,0,0,0.0,9.5,0.7867099998442129,0.8605582067466756,0.7867099998442129
202215,2022,15,Dutch Grand Prix,unknown,practice_3,20,latest_target_aligned_pre_qualifying_session_only,False,83037e0e7e8adf9a53853cee6550bd965b80a795196b4bb598f77f057ac1b698,True,12,3.1,0.5578947368421052,0.6666666666666666,3.0,0.5894736842105264,0.6666666666666666,3.2,0.5894736842105264,0.6666666666666666,20,20,0,0,0.0,12.0,0.38629000015578685,0.4919835328546462,0.5028154591043041
202216,2022,16,Italian Grand Prix,unknown,practice_3,20,latest_target_aligned_pre_qualifying_session_only,False,fa8be9aa9f36a06c4a4bd6db8a370738d032a0b2227d461a73d39c8632099313,True,13,2.5,0.6631578947368422,0.6666666666666666,2.0,0.7473684210526316,1.0,1.9,0.768421052631579,1.0,20,20,0,0,0.0,12.0,0.4720933329179083,0.3968108160716092,0.22583449626532898
202217,2022,17,Singapore Grand Prix,unknown,practice_3,20,latest_target_aligned_pre_qualifying_session_only,False,5f8d68cf872d8bf72d96993b03351ea2d035ab2e438f04a06f19637ee9b605fe,True,14,4.2,0.39999999999999997,0.3333333333333333,4.0,0.4631578947368421,0.3333333333333333,3.7,0.5473684210526316,0.3333333333333333,20,20,0,0,1.0,7.5,6.723133333852618,6.348313018071057,5.513923657275108
202218,2022,18,Japanese Grand Prix,unknown,practice_3,20,latest_target_aligned_pre_qualifying_session_only,False,44a2d5e1ee1c90da386bb34dcd4dee863ef1198d0749437096d0403dc67d8ad2,True,15,2.5,0.6631578947368422,1.0,2.4,0.6736842105263158,1.0,2.5,0.6736842105263158,0.6666666666666666,20,20,0,0,0.0,17.0,0.3373300003115702,0.32783338079987345,4.0589312175745755
202219,2022,19,United States Grand Prix,unknown,practice_3,20,latest_target_aligned_pre_qualifying_session_only,False,42223d28d600b3bcbcc6edc41dafaf46333f651aa220485c73bb27f9570d1940,True,16,2.3,0.6842105263157895,1.0,2.1,0.7157894736842105,1.0,2.0,0.7263157894736842,1.0,20,20,0,0,0.0,10.0,0.5174499999999995,0.5174499999999995,0.7057171090972645
202220,2022,20,Mexico City Grand Prix,unknown,practice_3,20,latest_target_aligned_pre_qualifying_session_only,False,4b189b46b09d46245ce612cf1be62e5b356e8c85eb63a0095a0f44bc562620ce,True,17,2.3,0.6947368421052632,1.0,2.3,0.6736842105263158,1.0,2.1,0.7052631578947369,1.0,20,20,0,0,0.0,14.0,0.6933143152915242,0.5175327099225988,0.5041495771983158
202222,2022,22,Abu Dhabi Grand Prix,unknown,practice_3,20,latest_target_aligned_pre_qualifying_session_only,False,76d8df1b1644727ad3f718f5f475c2b6c29542017010502461998d9fa172d67e,True,18,2.4,0.6736842105263158,0.6666666666666666,1.9,0.7368421052631579,0.6666666666666666,2.0,0.7368421052631579,0.6666666666666666,20,20,0,0,0.0,10.0,0.40266350849529287,0.32909490213684334,0.21862215858412243
202301,2023,1,Bahrain Grand Prix,unknown,practice_3,20,latest_target_aligned_pre_qualifying_session_only,False,8375032f0313c216ede43d1b828c8081f95cfa66a5ba64d088820feb3bdb1da7,True,19,3.1,0.5894736842105264,0.6666666666666666,2.7,0.6421052631578947,0.6666666666666666,2.5,0.6631578947368422,0.6666666666666666,20,20,0,0,0.0,7.0,2.0808500000000003,2.0808500000000003,0.8508330081545047
202302,2023,2,Saudi Arabian Grand Prix,unknown,practice_3,20,latest_target_aligned_pre_qualifying_session_only,False,b52c943be06de04631a91881fb87257cf569ae3da21d1cd8dfa254ce6e8fea54,True,20,3.9,0.4631578947368421,0.6666666666666666,3.6,0.5473684210526316,0.6666666666666666,3.1,0.5578947368421052,0.6666666666666666,19,20,0,1,0.0,11.0,3.686741344697024,3.6103404351112665,2.501897256933398
202303,2023,3,Australian Grand Prix,unknown,practice_3,20,latest_target_aligned_pre_qualifying_session_only,False,a2a30e9ba307a3fffac2a4af3c2b5cfcf04c6a5a825860517ad2ee8ed190f519,True,21,4.2,0.4210526315789474,0.3333333333333333,3.8,0.4842105263157895,0.6666666666666666,3.6,0.4421052631578947,0.6666666666666666,19,20,1,0,0.0,16.0,1.4455308183812368,1.1077052283835163,0.3090340327969256
202305,2023,5,Miami Grand Prix,unknown,practice_3,20,latest_target_aligned_pre_qualifying_session_only,False,100978272b7564ae4187253cc034d691aabcb603e84c1c30d05de8edf50c3b34,True,22,3.4,0.5157894736842106,0.3333333333333333,2.9,0.6000000000000001,0.3333333333333333,3.0,0.5578947368421052,0.3333333333333333,20,20,0,0,0.0,11.5,0.2249989912309296,0.18293315405450486,0.25679304149059307
202306,2023,6,Monaco Grand Prix,unknown,practice_3,20,latest_target_aligned_pre_qualifying_session_only,False,00ada6ba31c53748f485e474369b2215047b61a0d6e6a20043c1184bd68571b4,True,23,5.4,0.19999999999999998,0.3333333333333333,4.9,0.2736842105263158,0.3333333333333333,4.7,0.3473684210526316,0.3333333333333333,20,20,0,0,0.0,12.5,0.723205369143382,0.7836154965356087,0.6942423828172032
202307,2023,7,Spanish Grand Prix,unknown,practice_3,20,latest_target_aligned_pre_qualifying_session_only,False,842da2c7621caa81cea8d8aaf93a8ec823d4072f510062e025e64d624418ec3f,True,24,5.1,0.2736842105263158,0.3333333333333333,4.8,0.2947368421052632,0.3333333333333333,4.5,0.35789473684210527,0.6666666666666666,20,20,0,0,0.0,8.0,0.6858330537150721,0.7744305521067218,0.5423311358729628
202308,2023,8,Canadian Grand Prix,unknown,practice_3,20,latest_target_aligned_pre_qualifying_session_only,False,c963fcb26dd940882cc7257169121c739e14dda0152a44a0b884a72bc4e197c4,True,25,5.7,0.22105263157894736,0.6666666666666666,5.3,0.2736842105263158,0.6666666666666666,4.7,0.3473684210526316,0.6666666666666666,20,20,0,0,1.0,14.5,2.965401056107487,2.768544938026443,2.831526015777188
202310,2023,10,British Grand Prix,unknown,practice_3,20,latest_target_aligned_pre_qualifying_session_only,False,210cdacfef24bf5f0136e4537949e5ce0cbcdf187517a1ace331f2b9ed060b64,True,26,5.4,0.25263157894736843,0.0,4.7,0.38947368421052636,0.0,3.7,0.5157894736842106,0.3333333333333333,19,20,0,1,0.0,9.0,1.5617783359377733,1.7075334556705757,1.4155274039262196
202311,2023,11,Hungarian Grand Prix,unknown,practice_3,20,latest_target_aligned_pre_qualifying_session_only,False,9794b5babfa0f0a55f5ed5fa00637e0631bc8f456a3631b59350855de56ff41e,True,27,4.0,0.43157894736842106,0.6666666666666666,3.4,0.5157894736842106,1.0,3.7,0.4631578947368421,0.6666666666666666,20,20,0,0,0.0,13.5,0.6561695775570066,0.6921633401469698,0.6571032394819134
202313,2023,13,Dutch Grand Prix,unknown,practice_3,20,latest_target_aligned_pre_qualifying_session_only,False,a6b1c56ae23089bc761d1130eab98849eb98724432441dff02521a67e01f92af,True,28,3.8,0.4105263157894737,0.6666666666666666,4.0,0.4210526315789474,0.3333333333333333,3.7,0.4421052631578947,0.6666666666666666,19,20,0,1,0.95,10.0,6.234189641504933,6.273535827059477,4.047074912606435
202314,2023,14,Italian Grand Prix,unknown,practice_3,20,latest_target_aligned_pre_qualifying_session_only,False,f44e7b011a68fc93e47637791a6bf9b446b5ea53f7abb6ea58c0eca62dc0b3bc,True,29,3.6,0.49473684210526314,0.6666666666666666,3.0,0.6421052631578947,1.0,2.9,0.6000000000000001,1.0,20,20,0,0,0.0,14.0,0.723329366335507,0.8224931494300052,0.4622476565892285
202315,2023,15,Singapore Grand Prix,unknown,practice_3,20,latest_target_aligned_pre_qualifying_session_only,False,9fc478f7abcb9560c9cd0aaa516dd0865783134567b74a877057ea4557d2a55d,True,30,3.4,0.5578947368421052,0.6666666666666666,3.2,0.5894736842105264,0.6666666666666666,3.3,0.5368421052631579,0.6666666666666666,20,20,0,0,0.0,9.5,0.3868776845716894,0.37576599531066107,0.45687241846679144
202316,2023,16,Japanese Grand Prix,unknown,practice_3,20,latest_target_aligned_pre_qualifying_session_only,False,57153d97d72e7e8cf28b0a408204b6f1a6d84eb42bb5bfa00bfe6c2da60fb4b8,True,31,2.8,0.6105263157894737,1.0,3.0,0.5894736842105264,0.6666666666666666,2.9,0.631578947368421,0.6666666666666666,19,20,1,0,0.0,5.5,0.4343710261663124,0.4052110554309536,0.30680013478256357
202319,2023,19,Mexico City Grand Prix,unknown,practice_3,20,latest_target_aligned_pre_qualifying_session_only,False,c7bfa2bb8b91b5cd8ec9db7a2d68bb090b9683e2bf9f4ed8a68e6dce87bdb7b2,True,32,5.7,0.23157894736842105,0.3333333333333333,5.3,0.28421052631578947,0.3333333333333333,4.5,0.3473684210526316,0.3333333333333333,19,20,1,0,0.0,12.0,0.6839739049617876,0.6485161842232117,0.6719075341037509
202321,2023,21,Las Vegas Grand Prix,unknown,practice_3,20,latest_target_aligned_pre_qualifying_session_only,False,a57581cf07b120a8b6db90bfa8724cb44425c265123e685d87f104bf7cd3f115,True,33,5.2,0.19999999999999998,0.0,4.8,0.2631578947368421,0.3333333333333333,4.6,0.3263157894736842,0.3333333333333333,20,20,0,0,0.0,11.0,0.8322942114292253,0.7937460210888609,0.7419370295083872
202322,2023,22,Abu Dhabi Grand Prix,unknown,practice_3,20,latest_target_aligned_pre_qualifying_session_only,False,20acb3f6e3172989f74acbbcf07a8477f0e89368487c222cffd2a0692f62894a,True,34,4.4,0.3684210526315789,0.3333333333333333,4.3,0.4210526315789474,0.3333333333333333,3.8,0.4631578947368421,0.6666666666666666,19,20,1,0,0.0,9.0,0.307786427068014,0.3160632337028922,0.34679062762232826
202401,2024,1,Bahrain Grand Prix,unknown,practice_3,20,latest_target_aligned_pre_qualifying_session_only,False,9796ddc8930d01afb670a38731ff1ca3c08a7b17fc5105635ff36fc8b28f457a,True,35,1.9,0.7999999999999999,0.3333333333333333,1.4,0.8526315789473685,0.3333333333333333,1.8,0.768421052631579,0.6666666666666666,20,20,0,0,0.0,7.0,1.493049999999998,1.493049999999998,0.2624786301349083
202402,2024,2,Saudi Arabian Grand Prix,unknown,practice_3,20,latest_target_aligned_pre_qualifying_session_only,False,37caf94f147a4f5b8ccfeb449781b727e6eaf33f9e723f335520f49533e5deb6,True,36,2.0,0.7368421052631579,1.0,2.0,0.7368421052631579,0.6666666666666666,2.0,0.7263157894736842,0.6666666666666666,18,20,1,1,0.0,7.5,0.7180101319240377,0.683726199877219,0.31265555092767666
202403,2024,3,Australian Grand Prix,unknown,practice_3,19,latest_target_aligned_pre_qualifying_session_only,False,980fc459eebe39029270330b264045127948c2aa407e56cfab35f20ce00acf49,True,37,2.4210526315789473,0.6374269005847952,0.6666666666666666,2.526315789473684,0.6491228070175439,0.6666666666666666,2.4210526315789473,0.6608187134502924,0.6666666666666666,19,19,0,0,0.0,13.0,1.069162178707666,0.8434778492758942,0.5440057069501666
202404,2024,4,Japanese Grand Prix,unknown,practice_3,20,latest_target_aligned_pre_qualifying_session_only,False,9007345aa1b1f31052592612b431fc1cc7ae6ffcb391c607006a8d1c221330cd,True,38,2.0,0.7263157894736842,0.6666666666666666,1.6,0.7578947368421053,0.6666666666666666,1.5,0.768421052631579,0.6666666666666666,20,20,0,0,0.0,13.0,0.46911862257779335,0.45879670751284396,3.1984299814122004
202405,2024,5,Chinese Grand Prix,unknown,sprint_qualifying,20,latest_target_aligned_pre_qualifying_session_only,False,fe6ad37b8c19fe12dd9cd735b18fe742538a0f68ddf8d29cb95985606aa6f675,True,39,2.9,0.6210526315789474,0.6666666666666666,2.7,0.6421052631578947,0.6666666666666666,2.2,0.7157894736842105,0.6666666666666666,20,20,0,0,0.0,5.5,1.7293500000000002,1.7293500000000002,0.4840311011585662
202406,2024,6,Miami Grand Prix,unknown,sprint_qualifying,20,latest_target_aligned_pre_qualifying_session_only,False,003133770a33b373b13e91fee0cdc2a4959bc318fba0e116a1b11dca106d2813,True,40,3.4,0.5368421052631579,0.6666666666666666,3.4,0.5473684210526316,0.6666666666666666,2.7,0.6736842105263158,0.3333333333333333,20,20,0,0,0.0,5.0,1.3892071438651818,1.2428673041447453,1.1256716085170795
202407,2024,7,Emilia Romagna Grand Prix,unknown,practice_3,20,latest_target_aligned_pre_qualifying_session_only,False,63c550280093c97d02b96c05d123a7d2ddd6a369b9aaf8d07ed9fc179cbb292d,True,41,3.0,0.5578947368421052,0.6666666666666666,2.8,0.631578947368421,0.3333333333333333,2.1,0.7368421052631579,0.6666666666666666,19,20,1,0,0.0,6.5,0.49364736842105567,0.3851967216829952,0.28794921183362693
202408,2024,8,Monaco Grand Prix,unknown,practice_3,20,latest_target_aligned_pre_qualifying_session_only,False,80f202c43378898537a2dfbd1eea77ce6cfc17f5a6fd82b053e79eceaff89a31,True,42,3.0,0.5789473684210527,0.3333333333333333,3.0,0.6210526315789474,0.3333333333333333,3.3,0.5684210526315789,0.3333333333333333,19,20,0,1,0.0,18.0,0.39299067246265534,0.4062229655797558,0.4940203857302768
202409,2024,9,Canadian Grand Prix,unknown,practice_3,20,latest_target_aligned_pre_qualifying_session_only,False,8cbe49e30dc71b62b901a3fa9c3d4a4398c83dd7f933ae65651cf6ca8deccbaa,True,43,2.8,0.6000000000000001,0.6666666666666666,2.8,0.6210526315789474,0.3333333333333333,2.9,0.6105263157894737,0.6666666666666666,20,20,0,0,0.0,22.0,0.537073731782909,0.5407402239027143,0.4888361377084536
202410,2024,10,Spanish Grand Prix,unknown,practice_3,20,latest_target_aligned_pre_qualifying_session_only,False,ac3b7e7065627c440463fb414a83b2d803de08261948b9695420bc7540e561da,True,44,2.4,0.6421052631578947,0.3333333333333333,2.2,0.6947368421052632,0.6666666666666666,2.2,0.6736842105263158,0.6666666666666666,20,20,0,0,0.0,9.0,0.7178815866127757,0.7123000589408157,0.6552669228830595
202411,2024,11,Austrian Grand Prix,unknown,sprint_qualifying,20,latest_target_aligned_pre_qualifying_session_only,False,31bae56138672c754ac49631f30dcac0da3d7562c05bddec643269a31e236061,True,45,2.0,0.7263157894736842,0.6666666666666666,2.0,0.7263157894736842,0.6666666666666666,2.1,0.7157894736842105,0.6666666666666666,20,20,0,0,0.0,4.0,1.2619571438651769,0.7228105492528869,0.4252955588863337
202412,2024,12,British Grand Prix,unknown,practice_3,20,latest_target_aligned_pre_qualifying_session_only,False,a419743e9f6d452fe841b6ebcb311d16afe9b94fa729bcbe6c0b80db0d1150d7,True,46,3.6,0.4842105263157895,0.6666666666666666,3.4,0.5157894736842106,1.0,3.2,0.5473684210526316,1.0,19,20,0,1,0.95,15.5,9.942893831497516,9.600871227382619,5.003195842048718
202413,2024,13,Hungarian Grand Prix,unknown,practice_3,20,latest_target_aligned_pre_qualifying_session_only,False,66c6bc0dc635fb106f2851bd89c062eb13ea25980a67dd22c56c30a9b1653f5b,True,47,3.2,0.5578947368421052,1.0,3.4,0.5368421052631579,0.6666666666666666,3.1,0.5684210526315789,0.6666666666666666,20,20,0,0,0.0,5.5,0.6661067930230885,0.7255329999419018,0.5881976686497538
202414,2024,14,Belgian Grand Prix,unknown,practice_3,20,latest_target_aligned_pre_qualifying_session_only,False,3d35a2ae37449e1570a0da4036953a2ad17b1264cd2be48d4b401cbe5a9fd038,True,48,4.5,0.35789473684210527,0.0,3.8,0.4631578947368421,0.3333333333333333,2.8,0.5894736842105264,0.3333333333333333,17,20,0,3,0.85,2.0,10.700528399908988,9.933791118971996,1.8485518995184733
202415,2024,15,Dutch Grand Prix,unknown,practice_3,20,latest_target_aligned_pre_qualifying_session_only,False,b0433c24f0c4c1006a8b54f1d59460165dcf58090fc1e4c94f25c811c15c1e48,True,49,6.9,0.031578947368421054,0.0,4.9,0.25263157894736843,0.3333333333333333,3.5,0.4842105263157895,0.6666666666666666,17,20,1,2,0.9,1.0,10.58852839990899,10.442871600298826,3.8653929942037735
202416,2024,16,Italian Grand Prix,unknown,practice_3,20,latest_target_aligned_pre_qualifying_session_only,False,a5324253eb81d5ba74135c3933255b5ae3a3cf4c2cd80939e7e72ca006f59cd7,True,50,2.3,0.631578947368421,0.3333333333333333,2.4,0.6631578947368422,0.3333333333333333,2.4,0.6842105263157895,0.3333333333333333,20,20,0,0,0.0,7.5,0.7036000000000022,0.5791654572840464,0.5175153217344601
202417,2024,17,Azerbaijan Grand Prix,unknown,practice_3,20,latest_target_aligned_pre_qualifying_session_only,False,1228b181a6d340c0fbf63f17adc645dd588079b5eec095dcfa7e2ba361943414,True,51,2.5,0.6421052631578947,0.3333333333333333,2.1,0.7263157894736842,0.6666666666666666,2.2,0.6842105263157895,0.6666666666666666,18,20,0,2,0.0,5.5,0.4009152575365636,0.760384711253196,0.7249887490699601
202418,2024,18,Singapore Grand Prix,unknown,practice_3,20,latest_target_aligned_pre_qualifying_session_only,False,670e7abda9ddb9a02c63e0d5f2de95d953ea2787c91cbfca310364d1ab0a2aa3,True,52,2.3,0.7368421052631579,0.3333333333333333,2.1,0.7368421052631579,0.3333333333333333,2.3,0.7157894736842105,0.3333333333333333,20,20,0,0,0.0,8.0,0.37564492713163344,0.6350239063880772,0.40933457435272447
202419,2024,19,United States Grand Prix,unknown,sprint_qualifying,20,latest_target_aligned_pre_qualifying_session_only,False,ed707ad5a110bc5343304c877d2cf98fae957ffff55e436d4723ba02f1d34b2b,True,53,3.6,0.4631578947368421,0.3333333333333333,3.5,0.4736842105263158,0.3333333333333333,2.9,0.5684210526315789,0.6666666666666666,20,20,0,0,0.0,4.0,0.527129266871259,0.5099500000000006,0.5069385379816694
202420,2024,20,Mexico City Grand Prix,unknown,practice_3,20,latest_target_aligned_pre_qualifying_session_only,False,14ea0e5225b35f5ae59bd435c7eca388b0546b3e36bd7be3b62261d3c3479725,True,54,3.6,0.5052631578947369,0.6666666666666666,3.3,0.5157894736842106,0.6666666666666666,3.0,0.5263157894736842,0.6666666666666666,20,20,0,0,0.0,12.0,0.443845608924817,0.4737722874482763,0.3986043999069885
202421,2024,21,São Paulo Grand Prix,unknown,sprint_qualifying,20,latest_target_aligned_pre_qualifying_session_only,False,24e9a1be32b22d1df3076a1c16733a16f399d5cfb8469b3828b95fd1e7ea56d2,True,55,6.0,0.16842105263157894,0.3333333333333333,6.0,0.17894736842105263,0.3333333333333333,5.5,0.22105263157894736,0.3333333333333333,20,20,0,0,0.0,4.0,17.912661261515787,17.761096161544934,18.475610179076604
202422,2024,22,Las Vegas Grand Prix,unknown,practice_3,20,latest_target_aligned_pre_qualifying_session_only,False,4fad1ea89cf6bda60a608235c9de5b470fecafbff37a80f1632c32e4b14f1b6f,True,56,4.0,0.45263157894736844,0.6666666666666666,3.3,0.5473684210526316,0.6666666666666666,3.1,0.5789473684210527,0.6666666666666666,20,20,0,0,0.0,8.0,0.9828891881002455,0.825259358696173,0.4768093666803111
202423,2024,23,Qatar Grand Prix,unknown,sprint_qualifying,20,latest_target_aligned_pre_qualifying_session_only,False,480284e3ab2bdb05a4a5a302e875bb6092c7c151ca1a26afeb1b79068a493ed4,True,57,3.2,0.5578947368421052,0.6666666666666666,3.2,0.5578947368421052,0.6666666666666666,3.3,0.5263157894736842,0.6666666666666666,20,20,0,0,0.0,9.5,0.3993792668712601,0.38769999999999954,0.37173846902792673
202424,2024,24,Abu Dhabi Grand Prix,unknown,practice_3,20,latest_target_aligned_pre_qualifying_session_only,False,72acd0bf69e88147e5e3c7853670a50d7bf2901c846f3ba233ac69eb44e8dcae,True,58,4.0,0.45263157894736844,0.6666666666666666,3.7,0.4842105263157895,0.6666666666666666,3.8,0.49473684210526314,1.0,20,20,0,0,0.0,7.0,0.2610847970250639,0.2650534009377658,0.3150694662061788
202501,2025,1,Australian Grand Prix,unknown,practice_3,20,latest_target_aligned_pre_qualifying_session_only,False,c2346915cc909e0950ad880df748239acd995deb5b88f9ba7a87d30e0e1dc755,True,59,2.7,0.6105263157894737,0.6666666666666666,2.6,0.6526315789473685,0.3333333333333333,2.5,0.6842105263157895,0.6666666666666666,18,20,1,2,0.0,9.0,0.5852222222222202,0.5852222222222202,0.4039763797102193
202502,2025,2,Chinese Grand Prix,unknown,sprint_qualifying,20,latest_target_aligned_pre_qualifying_session_only,False,2292a1feb900f8aff63de8b9d64ff052cff720b0baee40f7958d309c1406eb6c,True,60,3.0,0.6105263157894737,0.3333333333333333,2.9,0.631578947368421,0.3333333333333333,2.5,0.6842105263157895,1.0,20,20,0,0,0.0,4.0,0.41839999999999977,0.41839999999999977,0.5108390619023865
202503,2025,3,Japanese Grand Prix,unknown,practice_3,20,latest_target_aligned_pre_qualifying_session_only,False,bd78f32bbd86580721468497414a7265c048e8115ae86bdd28c65abea001a307,True,61,2.6,0.6526315789473685,0.6666666666666666,2.1,0.7157894736842105,0.6666666666666666,2.0,0.7473684210526316,0.6666666666666666,20,20,0,0,0.0,9.0,0.7071032635041,0.620283961678117,0.42346578384474115
202504,2025,4,Bahrain Grand Prix,unknown,practice_3,20,latest_target_aligned_pre_qualifying_session_only,False,118c7510cef76b7eb091c86189166636514757f150533eff827be33e5e976ce3,True,62,2.2,0.6842105263157895,0.6666666666666666,2.5,0.6631578947368422,0.6666666666666666,2.6,0.6526315789473685,0.6666666666666666,20,20,0,0,0.0,5.0,1.0609706209394567,1.006296939624736,0.8589553630554263
202505,2025,5,Saudi Arabian Grand Prix,unknown,practice_3,20,latest_target_aligned_pre_qualifying_session_only,False,a096221cde82a0980ea8f4ab4e4d7765d2883591ff7f64bb8d9d271fb26b4b6f,True,63,2.3,0.6842105263157895,0.6666666666666666,2.3,0.6842105263157895,0.6666666666666666,2.2,0.6947368421052632,0.6666666666666666,20,20,0,0,0.0,6.0,0.678479379060542,0.6772579268123678,0.38770482465489875
202506,2025,6,Miami Grand Prix,unknown,sprint_qualifying,20,latest_target_aligned_pre_qualifying_session_only,False,2496299408092e9dc4014a8ed0023e3c546680467b10eccec45b3ac42bba2a08,True,64,3.2,0.5684210526315789,0.6666666666666666,3.2,0.5789473684210527,0.6666666666666666,2.9,0.5684210526315789,0.3333333333333333,20,20,0,0,0.0,3.5,0.5862062834984684,0.5914189799053702,0.4028611102393434
202507,2025,7,Emilia Romagna Grand Prix,unknown,practice_3,20,latest_target_aligned_pre_qualifying_session_only,False,1ba33122ec2f92aab8b006fd9dc0d886ab3599058ed18f2b912c94f8dffad560,True,65,3.4,0.5578947368421052,0.6666666666666666,3.3,0.5684210526315789,0.6666666666666666,3.2,0.5473684210526316,0.6666666666666666,19,20,1,0,0.0,7.5,1.1417056948500168,0.9689365850081507,0.7201301654308317
202508,2025,8,Monaco Grand Prix,unknown,practice_3,20,latest_target_aligned_pre_qualifying_session_only,False,dfef2fd1527e4323300bd431b07c7608aad945ec83f4987dac28c4fc6199a4b6,True,66,3.3,0.5789473684210527,0.6666666666666666,2.9,0.6105263157894737,1.0,3.0,0.5473684210526316,1.0,20,20,0,0,0.0,17.0,0.3926806527008189,0.4060484502077905,0.38508431777822877
202509,2025,9,Spanish Grand Prix,unknown,practice_3,20,latest_target_aligned_pre_qualifying_session_only,False,0176ba17b45b4158bdff4565051fa3a5ba55f4de3c97d14401b75f421c305c24,True,67,2.8,0.631578947368421,0.6666666666666666,2.8,0.6210526315789474,0.6666666666666666,2.6,0.6631578947368422,1.0,19,20,0,1,0.0,5.0,0.38873099436016084,0.3777645782794469,0.3204309853311347
202510,2025,10,Canadian Grand Prix,unknown,practice_3,20,latest_target_aligned_pre_qualifying_session_only,False,59ac772895e8d6cc09b7d8bd1583208171d8212f3119828ed7bea27cfe4081ed,True,68,4.0,0.38947368421052636,0.3333333333333333,3.9,0.38947368421052636,0.3333333333333333,3.8,0.4210526315789474,0.3333333333333333,20,20,0,0,0.0,16.0,0.3374277777473601,0.3380021713475436,0.2782648107441311
202511,2025,11,Austrian Grand Prix,unknown,practice_3,20,latest_target_aligned_pre_qualifying_session_only,False,adeae2df1485cac5ac11d4a78b94645a978004ecc0d715ab15840a6fdae0cf6f,True,69,3.5,0.5368421052631579,0.6666666666666666,3.4,0.5368421052631579,0.6666666666666666,3.2,0.5894736842105264,0.6666666666666666,20,20,0,0,0.0,10.0,0.6295999997262495,0.5676783630113601,0.45734262559505473
202512,2025,12,British Grand Prix,unknown,practice_3,20,latest_target_aligned_pre_qualifying_session_only,False,99d4ab1ed2b6be251998fffd3fbc92ced08102bd323ff752d506a67c7b9cfc30,True,70,4.0,0.4842105263157895,0.6666666666666666,3.2,0.5684210526315789,0.6666666666666666,2.9,0.6105263157894737,0.6666666666666666,20,20,0,0,0.0,6.0,0.4132768202678804,0.4585678671697309,0.3665796977239687
202513,2025,13,Belgian Grand Prix,unknown,sprint_qualifying,20,latest_target_aligned_pre_qualifying_session_only,False,5a07eb23ee751f88b16fe1a32f14f8d85f04ea911917b97572f217c3d4b94a1c,True,71,3.9,0.4421052631578947,0.6666666666666666,3.9,0.43157894736842106,0.6666666666666666,3.8,0.4210526315789474,0.6666666666666666,20,20,0,0,0.0,3.0,0.6335347299548779,0.6609545306776319,0.5685766767709118
202514,2025,14,Hungarian Grand Prix,unknown,practice_3,20,latest_target_aligned_pre_qualifying_session_only,False,a6172b92e0ed6ab75483c4b1786a16b5ce2b03e636a96f2a44b23f0a8357cbd0,True,72,3.5,0.49473684210526314,1.0,3.1,0.5684210526315789,1.0,3.2,0.5684210526315789,1.0,20,20,0,0,0.0,8.5,0.34911136711313373,0.3646973332851168,0.4255416786057495
202515,2025,15,Dutch Grand Prix,unknown,practice_3,20,latest_target_aligned_pre_qualifying_session_only,False,c6c098b64e380ac8c2aece7f11579329dba209a827afcb4d1c7cfb174f83a7fa,True,73,3.3,0.5157894736842106,0.6666666666666666,3.2,0.5684210526315789,0.6666666666666666,2.4,0.6736842105263158,0.6666666666666666,19,20,1,0,0.0,11.0,0.25908771934913793,0.30534882635032096,0.2043807595664834
202516,2025,16,Italian Grand Prix,unknown,practice_3,20,latest_target_aligned_pre_qualifying_session_only,False,4c4b8a63199b728b80447f795acd456bfdf5a8ddd302282a1ecf80df923cc82b,True,74,2.8,0.6210526315789474,0.6666666666666666,2.9,0.5894736842105264,0.6666666666666666,2.8,0.6105263157894737,0.6666666666666666,20,20,0,0,0.0,11.5,0.326938187381014,0.37931658980861227,0.4474445416936085
202517,2025,17,Azerbaijan Grand Prix,unknown,practice_3,20,latest_target_aligned_pre_qualifying_session_only,False,68efd6db9761886c27c6b9f5593b8365f51bfa298a80e7ae0e97ae42b1d81a2e,True,75,4.8,0.3263157894736842,0.3333333333333333,4.8,0.3473684210526316,0.3333333333333333,4.3,0.39999999999999997,0.3333333333333333,19,20,1,0,0.0,9.5,0.5472748537163507,0.5877170676227539,0.8773543692173523
202518,2025,18,Singapore Grand Prix,unknown,practice_3,20,latest_target_aligned_pre_qualifying_session_only,False,36b9f169ea8e4e2d16215e2c443b55b449cf51992d8607db8c154f50220b03d1,True,76,3.4,0.49473684210526314,1.0,3.5,0.5052631578947369,0.6666666666666666,3.2,0.5157894736842106,0.6666666666666666,18,20,2,0,0.0,11.5,0.44062962973706576,0.4302981332458518,0.39092836729726815
202519,2025,19,United States Grand Prix,unknown,sprint_qualifying,20,latest_target_aligned_pre_qualifying_session_only,False,b2379e5079009128dc3d194606bcbed3421e678df12c4d8fb672be34c99aaf06,True,77,3.8,0.4736842105263158,0.6666666666666666,3.5,0.5052631578947369,0.6666666666666666,3.4,0.5368421052631579,0.6666666666666666,19,20,1,0,0.0,4.0,0.9368062907623146,0.922534737057719,0.676093771488128
202520,2025,20,Mexico City Grand Prix,unknown,practice_3,20,latest_target_aligned_pre_qualifying_session_only,False,2611ceedc5a494c84dcf8036059d903b24fb53db5662f68b23915b04d0887f9f,True,78,2.6,0.6526315789473685,0.6666666666666666,2.3,0.7052631578947369,0.6666666666666666,2.5,0.6526315789473685,0.6666666666666666,20,20,0,0,0.0,13.0,0.4524277779389337,0.4927230438568756,0.29445180559819023
202521,2025,21,São Paulo Grand Prix,unknown,sprint_qualifying,20,latest_target_aligned_pre_qualifying_session_only,False,bb17f02456ba84a38d19160a444115f4e735ea2aec700df1046c5ee9b3f8aba9,True,79,3.8,0.4105263157894737,0.6666666666666666,3.8,0.4210526315789474,0.6666666666666666,3.5,0.5368421052631579,0.3333333333333333,19,20,1,0,0.0,5.0,0.8603136091290419,0.6838851106028615,0.3360697447180194
202522,2025,22,Las Vegas Grand Prix,unknown,practice_3,20,latest_target_aligned_pre_qualifying_session_only,False,3ebbc6b16ff2b7d3cc06d06cf7f5646271e6f17e4e6a7c17b007dc2b726d7f3a,True,80,5.9,0.021052631578947368,0.3333333333333333,5.4,0.15789473684210525,0.3333333333333333,5.5,0.11578947368421053,0.3333333333333333,20,20,0,0,0.0,13.0,16.987722734226267,17.026609250359623,17.320857754925854
202523,2025,23,Qatar Grand Prix,unknown,sprint_qualifying,20,latest_target_aligned_pre_qualifying_session_only,False,8b2959e058855ddc3d55a16e17ef1d65205f97db6409ba5c7e1ed465d9a692ad,True,81,2.8,0.6000000000000001,0.6666666666666666,2.5,0.631578947368421,0.6666666666666666,2.4,0.6421052631578947,0.6666666666666666,20,20,0,0,0.0,10.0,0.49420096884033243,0.5222544164508072,0.3621933620252079
202524,2025,24,Abu Dhabi Grand Prix,unknown,practice_3,20,latest_target_aligned_pre_qualifying_session_only,False,b3357b9434d16de280cd8b9c762642e9bfa682c0b4a4fb6c66a82ce5f51f9eb3,True,82,3.2,0.5789473684210527,0.6666666666666666,2.8,0.6210526315789474,0.6666666666666666,2.9,0.6000000000000001,0.6666666666666666,20,20,0,0,0.0,8.0,0.2835333335267201,0.29542777889575333,0.23946033138747183
202601,2026,1,Australian Grand Prix,conventional,practice_3,22,latest_target_aligned_pre_qualifying_session_only,False,d66517ab3db156c420dbda5d09244e3bdb467c7cd63113ed39ec4f9f0b756cb6,True,83,2.6363636363636362,0.6709956709956709,0.3333333333333333,2.8181818181818183,0.6796536796536796,0.3333333333333333,2.6363636363636362,0.6796536796536796,0.3333333333333333,19,22,3,2,0.0,9.0,0.6995263157894728,0.6995263157894728,0.5221121472920973
202602,2026,2,Chinese Grand Prix,sprint_qualifying,sprint_qualifying,22,latest_target_aligned_pre_qualifying_session_only,False,5240e8eeca6c86c8de25560ea08ba746f589404973e923f96f31b0b8a244fbad,True,84,0.9090909090909091,0.8961038961038961,0.6666666666666666,1.0,0.8874458874458874,0.6666666666666666,1.6363636363636365,0.8095238095238095,0.3333333333333333,21,22,0,1,0.0,9.0,0.404333333333334,0.404333333333334,0.727322249829401
202603,2026,3,Japanese Grand Prix,conventional,practice_3,22,latest_target_aligned_pre_qualifying_session_only,False,37ebab5cfa16e3c81c193ea245648b67da729a04522ae27fee6280ffe86eaf33,True,85,1.7272727272727273,0.8008658008658008,0.6666666666666666,1.5454545454545454,0.8181818181818182,1.0,2.090909090909091,0.7662337662337663,1.0,22,22,0,0,0.0,10.5,0.3032990170674814,0.2949775218032626,0.48367711213169623
202604,2026,4,Miami Grand Prix,sprint_qualifying,sprint_qualifying,22,latest_target_aligned_pre_qualifying_session_only,False,d9fccad6c50fb73d2caf9d1e08bed7d3918f18f537d21bf57e7a39723f1c625e,True,86,2.909090909090909,0.6103896103896104,0.3333333333333333,3.0,0.5930735930735931,0.3333333333333333,3.0,0.5930735930735931,0.3333333333333333,21,22,0,1,0.0,5.5,1.0892605040202286,1.0923445118836466,0.7545907205371906
202605,2026,5,Canadian Grand Prix,sprint_qualifying,sprint_qualifying,22,latest_target_aligned_pre_qualifying_session_only,False,28bb35675155f2f2a3dc07bda0ea1b65e2c8485a81054a101f5312ec5f153949,True,87,2.0,0.7662337662337663,1.0,1.8181818181818181,0.7835497835497836,1.0,1.9090909090909092,0.7922077922077922,1.0,20,22,0,2,0.0,9.5,0.26580898893234417,0.30859764845355003,0.37832077635735073
202606,2026,6,Monaco Grand Prix,conventional,practice_3,22,latest_target_aligned_pre_qualifying_session_only,False,bd336b738992da91703528572a7359e22227ba273fcc24fae90cab324908e25f,True,88,2.5454545454545454,0.6969696969696969,0.6666666666666666,2.3636363636363638,0.7316017316017316,0.6666666666666666,2.5454545454545454,0.6883116883116883,0.3333333333333333,22,22,0,0,0.0,15.0,0.541747094862563,0.5317175477608422,0.5607941727433214
202607,2026,7,Barcelona Grand Prix,conventional,practice_3,22,latest_target_aligned_pre_qualifying_session_only,False,adace661649cbedaf518d9917518ae72efd2079a6435176b3624004b8c2e2205,True,89,1.7272727272727273,0.8008658008658008,0.3333333333333333,1.6363636363636365,0.8095238095238095,0.3333333333333333,1.6363636363636365,0.8095238095238095,0.3333333333333333,22,22,0,0,0.0,5.0,0.6132542993158487,0.6103934781410785,0.4425882720200088
202608,2026,8,Austrian Grand Prix,conventional,practice_3,22,latest_target_aligned_pre_qualifying_session_only,False,f22d697211a1422daba740852683ad979ca15e8bff32bd7568b05cbb7a4b0c82,True,90,0.9090909090909091,0.8874458874458874,0.6666666666666666,1.0,0.8787878787878788,0.6666666666666666,1.0909090909090908,0.8701298701298701,0.6666666666666666,22,22,0,0,0.0,10.0,0.21078554347781034,0.2761500103238784,0.38236701687382113
202609,2026,9,British Grand Prix,sprint_qualifying,sprint_qualifying,22,latest_target_aligned_pre_qualifying_session_only,False,fea1b49db3f3df86f9a71f68ccb70d46c7eac6baff6a5528ab8a69cdd6208d6b,True,91,1.4545454545454546,0.8354978354978355,0.6666666666666666,1.4545454545454546,0.8354978354978355,0.6666666666666666,1.5454545454545454,0.8268398268398268,0.6666666666666666,22,22,0,0,0.0,5.0,0.4941778342802236,0.4927319680616465,1.1089452549532959
