Time,Driver,DriverNumber,LapNumber,LapTime,Sector1Time,Sector2Time,Sector3Time,Stint,Compound,TyreLife,FreshTyre,Team,TrackStatus,Position,IsAccurate,SpeedI1,SpeedI2,SpeedFL,SpeedST,PitOutTime,PitInTime,Deleted,DeletedReason,FastF1Generated
1057.886,ANT,12,1.0,100.746,33.153,44.421,23.172,1.0,SOFT,1.0,True,Mercedes,1,,False,69.0,173.0,254.0,268.0,958.301,,False,,False
1152.421,ANT,12,2.0,94.535,26.929,46.0,21.606,1.0,SOFT,2.0,True,Mercedes,1,,True,100.0,168.0,262.0,224.0,,,False,,False
1226.734,ANT,12,3.0,74.313,19.606,35.059,19.648,1.0,SOFT,3.0,True,Mercedes,1,,True,205.0,199.0,264.0,282.0,,,False,,False
1321.467,ANT,12,4.0,94.733,22.894,47.143,24.696,1.0,SOFT,4.0,True,Mercedes,1,,True,154.0,155.0,263.0,237.0,,,False,,False
1406.595,ANT,12,5.0,85.128,19.487,41.629,24.012,1.0,SOFT,5.0,True,Mercedes,1,,True,204.0,175.0,263.0,270.0,,,False,,False
1480.541,ANT,12,6.0,73.946,19.393,34.755,19.798,1.0,SOFT,6.0,True,Mercedes,1,,True,209.0,178.0,263.0,281.0,,,False,,False
1575.37,ANT,12,7.0,94.829,26.715,45.9,22.214,1.0,SOFT,7.0,True,Mercedes,1,,True,140.0,154.0,262.0,180.0,,,True,TRACK LIMITS AT TURN 1 LAP 8 ,False
1648.969,ANT,12,8.0,73.599,19.238,34.852,19.509,1.0,SOFT,8.0,True,Mercedes,1,,True,212.0,200.0,264.0,282.0,,,False,,False
1748.187,ANT,12,9.0,99.218,24.379,50.449,24.39,1.0,SOFT,9.0,True,Mercedes,1,,True,124.0,145.0,168.0,195.0,,,False,,False
2872.685,ANT,12,10.0,,23.759,,,1.0,SOFT,10.0,True,Mercedes,125,,False,165.0,,,212.0,,1839.574,False,,False
2972.84,ANT,12,11.0,100.155,32.653,45.239,22.263,2.0,SOFT,1.0,True,Mercedes,1,,False,80.0,172.0,256.0,266.0,2874.382,,False,,False
3051.615,ANT,12,12.0,78.775,20.838,37.383,20.554,2.0,SOFT,2.0,True,Mercedes,1,,True,182.0,184.0,264.0,278.0,,,False,,False
3124.393,ANT,12,13.0,72.778,19.121,34.368,19.289,2.0,SOFT,3.0,True,Mercedes,1,,True,215.0,201.0,264.0,282.0,,,False,,False
3223.763,ANT,12,14.0,99.37,25.761,52.768,20.841,2.0,SOFT,4.0,True,Mercedes,1,,True,75.0,173.0,265.0,232.0,,,False,,False
3296.467,ANT,12,15.0,72.704,19.248,34.29,19.166,2.0,SOFT,5.0,True,Mercedes,1,,True,213.0,201.0,264.0,282.0,,,False,,False
3403.093,ANT,12,16.0,106.626,22.43,40.119,44.077,2.0,SOFT,6.0,True,Mercedes,1,,False,142.0,166.0,,233.0,,3374.673,False,,False
3488.887,ANT,12,17.0,85.794,26.323,38.466,21.005,3.0,SOFT,1.0,True,Mercedes,1,,False,165.0,181.0,261.0,274.0,3403.873,,False,,False
3567.89,ANT,12,18.0,79.003,20.413,37.484,21.106,3.0,SOFT,2.0,True,Mercedes,1,,True,183.0,183.0,265.0,273.0,,,False,,False
3640.643,ANT,12,19.0,72.753,19.119,34.145,19.489,3.0,SOFT,3.0,True,Mercedes,1,,True,214.0,203.0,265.0,283.0,,,False,,False
4148.241,ANT,12,20.0,,26.205,40.816,,3.0,SOFT,4.0,True,Mercedes,1,,False,63.0,161.0,,233.0,,3724.607,False,,False
4239.886,ANT,12,21.0,91.645,32.648,38.155,20.842,4.0,SOFT,1.0,True,Mercedes,1,,False,177.0,181.0,260.0,270.0,4150.168,,False,,False
4322.488,ANT,12,22.0,82.602,20.565,41.365,20.672,4.0,SOFT,2.0,True,Mercedes,1,,True,178.0,181.0,264.0,275.0,,,False,,False
4394.863,ANT,12,23.0,72.375,18.941,34.183,19.251,4.0,SOFT,3.0,True,Mercedes,1,,True,215.0,204.0,263.0,282.0,,,False,,False
4667.858,ANT,12,24.0,,22.607,38.865,,4.0,SOFT,4.0,True,Mercedes,1,,False,161.0,165.0,,236.0,,4471.29,False,,False
4764.179,ANT,12,25.0,96.321,36.311,38.703,21.307,5.0,SOFT,1.0,True,Mercedes,1,,False,128.0,178.0,260.0,265.0,4670.071,,False,,False
4841.35,ANT,12,26.0,77.171,20.402,36.53,20.239,5.0,SOFT,2.0,True,Mercedes,1,,True,200.0,188.0,264.0,279.0,,,False,,False
4913.401,ANT,12,27.0,72.051,18.934,33.989,19.128,5.0,SOFT,3.0,True,Mercedes,12,,True,215.0,203.0,264.0,282.0,,,False,,False
5005.206,ANT,12,28.0,,25.607,43.817,,5.0,SOFT,4.0,True,Mercedes,21,,False,158.0,121.0,,227.0,,5005.206,False,,False
1170.572,VER,3,1.0,84.253,25.676,37.544,21.033,1.0,SOFT,1.0,True,Red Bull Racing,1,,False,182.0,187.0,236.0,270.0,1087.023,,False,,False
1252.45,VER,3,2.0,81.878,20.193,36.15,25.535,1.0,SOFT,2.0,True,Red Bull Racing,1,,True,205.0,193.0,260.0,277.0,,,False,,False
1326.954,VER,3,3.0,74.504,19.438,35.267,19.799,1.0,SOFT,3.0,True,Red Bull Racing,1,,True,216.0,195.0,266.0,282.0,,,False,,False
1410.713,VER,3,4.0,83.759,20.874,39.978,22.907,1.0,SOFT,4.0,True,Red Bull Racing,1,,True,195.0,178.0,264.0,274.0,,,False,,False
1484.72,VER,3,5.0,74.007,19.5,34.93,19.577,1.0,SOFT,5.0,True,Red Bull Racing,1,,True,210.0,204.0,265.0,282.0,,,False,,False
1579.679,VER,3,6.0,94.959,26.088,45.636,23.235,1.0,SOFT,6.0,True,Red Bull Racing,1,,True,129.0,147.0,262.0,252.0,,,False,,False
1653.169,VER,3,7.0,73.49,19.239,34.711,19.54,1.0,SOFT,7.0,True,Red Bull Racing,1,,True,216.0,199.0,264.0,282.0,,,False,,False
2788.594,VER,3,8.0,,22.571,45.092,,1.0,SOFT,8.0,True,Red Bull Racing,125,,False,152.0,176.0,,229.0,,1737.47,False,,False
2881.351,VER,3,9.0,92.757,33.449,38.217,21.091,2.0,SOFT,1.0,True,Red Bull Racing,1,,False,174.0,188.0,230.0,260.0,2789.826,,False,,False
2965.881,VER,3,10.0,84.53,20.295,39.106,25.129,2.0,SOFT,2.0,True,Red Bull Racing,1,,True,205.0,185.0,264.0,273.0,,,False,,False
3039.086,VER,3,11.0,73.205,19.236,34.601,19.368,2.0,SOFT,3.0,True,Red Bull Racing,1,,True,215.0,201.0,266.0,282.0,,,False,,False
3130.319,VER,3,12.0,91.233,26.189,43.73,21.314,2.0,SOFT,4.0,True,Red Bull Racing,1,,True,138.0,188.0,265.0,263.0,,,False,,False
3203.159,VER,3,13.0,72.84,19.034,34.569,19.237,2.0,SOFT,5.0,True,Red Bull Racing,1,,True,218.0,205.0,265.0,281.0,,,False,,False
3407.845,VER,3,14.0,,21.043,37.108,,2.0,SOFT,6.0,True,Red Bull Racing,1,,False,190.0,188.0,,269.0,,3276.013,False,,False
3495.987,VER,3,15.0,88.142,30.281,37.309,20.552,3.0,SOFT,1.0,True,Red Bull Racing,1,,False,191.0,190.0,236.0,269.0,3408.963,,False,,False
3573.06,VER,3,16.0,77.073,19.939,36.625,20.509,3.0,SOFT,2.0,True,Red Bull Racing,1,,True,209.0,194.0,266.0,272.0,,,False,,False
3645.559,VER,3,17.0,72.499,18.946,34.317,19.236,3.0,SOFT,3.0,True,Red Bull Racing,1,,True,219.0,205.0,265.0,282.0,,,False,,False
4169.474,VER,3,18.0,,22.895,40.568,,3.0,SOFT,4.0,True,Red Bull Racing,1,,False,157.0,165.0,,242.0,,3725.735,False,,False
4255.645,VER,3,19.0,86.171,27.902,37.606,20.663,4.0,SOFT,1.0,True,Red Bull Racing,1,,False,186.0,191.0,235.0,259.0,4170.076,,False,,False
4339.068,VER,3,20.0,83.423,20.137,42.319,20.967,4.0,SOFT,2.0,True,Red Bull Racing,1,,True,199.0,192.0,263.0,272.0,,,False,,False
4411.444,VER,3,21.0,72.376,18.91,34.223,19.243,4.0,SOFT,3.0,True,Red Bull Racing,1,,True,218.0,207.0,264.0,281.0,,,False,,False
4640.19,VER,3,22.0,,21.276,37.336,,4.0,SOFT,4.0,True,Red Bull Racing,1,,False,181.0,187.0,,268.0,,4484.812,False,,False
4724.471,VER,3,23.0,84.281,26.891,37.064,20.326,5.0,SOFT,1.0,True,Red Bull Racing,1,,False,191.0,192.0,236.0,268.0,4640.952,,False,,False
4803.3,VER,3,24.0,78.829,21.627,37.118,20.084,5.0,SOFT,2.0,True,Red Bull Racing,1,,True,199.0,193.0,264.0,269.0,,,False,,False
4875.394,VER,3,25.0,72.094,18.827,34.184,19.083,5.0,SOFT,3.0,True,Red Bull Racing,1,,True,218.0,203.0,264.0,280.0,,,False,,False
4963.216,VER,3,26.0,,26.566,42.264,,5.0,SOFT,4.0,True,Red Bull Racing,12,,False,163.0,172.0,,195.0,,4963.216,False,,False
1048.77,HAM,44,1.0,95.99,29.893,42.864,23.233,1.0,SOFT,1.0,True,Ferrari,1,,False,148.0,154.0,260.0,261.0,953.718,,False,,False
1135.6,HAM,44,2.0,86.83,21.271,43.731,21.828,1.0,SOFT,2.0,True,Ferrari,1,,True,184.0,185.0,261.0,278.0,,,False,,False
1209.942,HAM,44,3.0,74.342,19.745,34.769,19.828,1.0,SOFT,3.0,True,Ferrari,1,,True,211.0,198.0,262.0,281.0,,,False,,False
1315.69,HAM,44,4.0,105.748,33.086,44.655,28.007,1.0,SOFT,4.0,True,Ferrari,1,,True,108.0,87.0,243.0,260.0,,,False,,False
1415.571,HAM,44,5.0,99.881,27.895,47.0,24.986,1.0,SOFT,5.0,True,Ferrari,1,,True,148.0,161.0,262.0,257.0,,,False,,False
1489.375,HAM,44,6.0,73.804,19.612,34.61,19.582,1.0,SOFT,6.0,True,Ferrari,1,,True,211.0,198.0,263.0,280.0,,,False,,False
1581.899,HAM,44,7.0,92.524,24.274,44.334,23.916,1.0,SOFT,7.0,True,Ferrari,1,,True,166.0,155.0,239.0,227.0,,,False,,False
1678.615,HAM,44,8.0,96.716,27.661,47.048,22.007,1.0,SOFT,8.0,True,Ferrari,1,,True,95.0,182.0,263.0,239.0,,,True,TRACK LIMITS AT TURN 1 LAP 9 ,False
1752.392,HAM,44,9.0,73.777,19.402,34.705,19.67,1.0,SOFT,9.0,True,Ferrari,1,,True,211.0,199.0,263.0,280.0,,,False,,False
2840.024,HAM,44,10.0,,28.588,,,1.0,SOFT,10.0,True,Ferrari,125,,False,148.0,,,280.0,,1852.63,False,,False
2932.52,HAM,44,11.0,92.496,29.196,40.857,22.443,2.0,SOFT,1.0,True,Ferrari,1,,False,156.0,178.0,255.0,259.0,2840.956,,False,,False
3011.755,HAM,44,12.0,79.235,21.353,36.635,21.247,2.0,SOFT,2.0,True,Ferrari,1,,True,186.0,195.0,263.0,277.0,,,False,,False
3084.846,HAM,44,13.0,73.091,19.337,34.321,19.433,2.0,SOFT,3.0,True,Ferrari,1,,True,213.0,203.0,262.0,280.0,,,False,,False
3230.741,HAM,44,14.0,145.895,27.923,43.567,74.405,2.0,SOFT,4.0,True,Ferrari,1,,False,139.0,139.0,,240.0,,3174.053,False,,False
3325.558,HAM,44,15.0,94.817,25.48,48.259,21.078,3.0,SOFT,5.0,False,Ferrari,1,,False,166.0,186.0,262.0,184.0,3231.525,,False,,False
3443.308,HAM,44,16.0,117.75,19.348,34.415,63.987,3.0,SOFT,6.0,False,Ferrari,1,,False,219.0,202.0,,279.0,,3393.127,False,,False
3542.259,HAM,44,17.0,98.951,34.152,40.246,24.553,4.0,SOFT,1.0,True,Ferrari,1,,False,112.0,174.0,240.0,258.0,3444.462,,False,,False
3624.108,HAM,44,18.0,81.849,20.874,37.501,23.474,4.0,SOFT,2.0,True,Ferrari,1,,True,189.0,182.0,263.0,256.0,,,False,,False
3697.042,HAM,44,19.0,72.934,19.267,34.339,19.328,4.0,SOFT,3.0,True,Ferrari,1,,True,216.0,201.0,264.0,280.0,,,False,,False
4122.718,HAM,44,20.0,,27.041,45.184,,4.0,SOFT,4.0,True,Ferrari,1,,False,147.0,117.0,,203.0,,3787.803,False,,False
4221.048,HAM,44,21.0,98.33,31.244,41.78,25.306,5.0,SOFT,1.0,True,Ferrari,1,,False,164.0,169.0,250.0,252.0,4124.067,,False,,False
4301.16,HAM,44,22.0,80.112,21.775,37.871,20.466,5.0,SOFT,2.0,True,Ferrari,1,,True,187.0,187.0,262.0,278.0,,,False,,False
4373.713,HAM,44,23.0,72.553,19.15,34.126,19.277,5.0,SOFT,3.0,True,Ferrari,1,,True,218.0,202.0,262.0,279.0,,,False,,False
4632.248,HAM,44,24.0,,23.961,42.4,,5.0,SOFT,4.0,True,Ferrari,1,,False,161.0,178.0,,258.0,,4455.284,False,,False
4724.276,HAM,44,25.0,92.028,27.333,41.59,23.105,6.0,SOFT,1.0,True,Ferrari,1,,False,164.0,166.0,246.0,253.0,4632.86,,False,,False
4810.458,HAM,44,26.0,86.182,23.076,42.682,20.424,6.0,SOFT,2.0,True,Ferrari,1,,True,73.0,187.0,263.0,252.0,,,False,,False
4882.737,HAM,44,27.0,72.279,19.103,33.957,19.219,6.0,SOFT,3.0,True,Ferrari,1,,True,220.0,205.0,263.0,280.0,,,False,,False
4967.13,HAM,44,28.0,,24.815,42.706,,6.0,SOFT,4.0,True,Ferrari,12,,False,166.0,149.0,,217.0,,4967.13,False,,False
1043.274,LEC,16,1.0,101.44,37.189,41.062,23.189,1.0,SOFT,1.0,True,Ferrari,1,,False,140.0,173.0,262.0,249.0,943.108,,False,,False
1121.969,LEC,16,2.0,78.695,20.371,36.375,21.949,1.0,SOFT,2.0,True,Ferrari,1,,True,198.0,189.0,262.0,279.0,,,False,,False
1196.11,LEC,16,3.0,74.141,19.496,34.827,19.818,1.0,SOFT,3.0,True,Ferrari,1,,True,212.0,195.0,262.0,280.0,,,False,,False
1288.572,LEC,16,4.0,92.462,23.668,46.554,22.24,1.0,SOFT,4.0,True,Ferrari,1,,True,143.0,163.0,262.0,244.0,,,False,,False
1361.971,LEC,16,5.0,73.399,19.28,34.613,19.506,1.0,SOFT,5.0,True,Ferrari,1,,True,213.0,201.0,263.0,280.0,,,False,,False
1463.657,LEC,16,6.0,101.686,24.693,48.274,28.719,1.0,SOFT,6.0,True,Ferrari,1,,True,131.0,159.0,262.0,248.0,,,False,,False
1541.906,LEC,16,7.0,78.249,19.44,35.287,23.522,1.0,SOFT,7.0,True,Ferrari,1,,True,217.0,151.0,261.0,279.0,,,False,,False
1615.199,LEC,16,8.0,73.293,19.297,34.426,19.57,1.0,SOFT,8.0,True,Ferrari,1,,True,215.0,204.0,263.0,280.0,,,False,,False
1721.544,LEC,16,9.0,106.345,24.919,53.761,27.665,1.0,SOFT,9.0,True,Ferrari,1,,True,95.0,148.0,263.0,263.0,,,False,,False
2828.664,LEC,16,10.0,,19.232,35.399,,1.0,SOFT,10.0,True,Ferrari,125,,False,216.0,167.0,,281.0,,1791.561,False,,False
2924.879,LEC,16,11.0,96.215,30.988,42.887,22.34,2.0,SOFT,1.0,True,Ferrari,1,,False,159.0,171.0,262.0,250.0,2829.605,,False,,False
3003.697,LEC,16,12.0,78.818,19.746,35.137,23.935,2.0,SOFT,2.0,True,Ferrari,1,,True,209.0,194.0,261.0,279.0,,,False,,False
3076.625,LEC,16,13.0,72.928,19.21,34.396,19.322,2.0,SOFT,3.0,True,Ferrari,1,,True,218.0,199.0,263.0,280.0,,,False,,False
3173.795,LEC,16,14.0,97.17,24.93,49.848,22.392,2.0,SOFT,4.0,True,Ferrari,1,,True,133.0,147.0,263.0,249.0,,,False,,False
3257.153,LEC,16,15.0,83.358,20.329,41.454,21.575,2.0,SOFT,5.0,True,Ferrari,1,,True,177.0,173.0,263.0,253.0,,,False,,False
3329.927,LEC,16,16.0,72.774,19.074,34.258,19.442,2.0,SOFT,6.0,True,Ferrari,1,,True,219.0,203.0,263.0,280.0,,,False,,False
3449.74,LEC,16,17.0,119.813,22.286,39.624,57.903,2.0,SOFT,7.0,True,Ferrari,1,,False,167.0,155.0,,254.0,,3408.317,False,,False
3550.716,LEC,16,18.0,100.976,32.784,45.141,23.051,3.0,SOFT,1.0,True,Ferrari,1,,False,162.0,173.0,261.0,241.0,3450.628,,False,,False
3639.009,LEC,16,19.0,88.293,20.318,42.595,25.38,3.0,SOFT,2.0,True,Ferrari,1,,True,205.0,181.0,257.0,275.0,,,False,,False
3712.309,LEC,16,20.0,73.3,19.405,34.492,19.403,3.0,SOFT,3.0,True,Ferrari,1,,True,215.0,200.0,264.0,280.0,,,False,,False
4109.748,LEC,16,21.0,,24.972,39.451,,3.0,SOFT,4.0,True,Ferrari,1,,False,144.0,163.0,,264.0,,3793.907,False,,False
4202.339,LEC,16,22.0,92.591,32.644,38.413,21.534,4.0,SOFT,1.0,True,Ferrari,1,,False,173.0,186.0,262.0,248.0,4110.979,,False,,False
4279.001,LEC,16,23.0,76.662,19.758,35.128,21.776,4.0,SOFT,2.0,True,Ferrari,1,,True,209.0,191.0,263.0,280.0,,,False,,False
4525.031,LEC,16,24.0,,20.135,36.36,,4.0,SOFT,3.0,True,Ferrari,1,,False,200.0,180.0,,280.0,,4350.035,False,,False
4607.374,LEC,16,25.0,82.343,24.508,37.308,20.527,5.0,SOFT,1.0,True,Ferrari,1,,False,185.0,186.0,262.0,248.0,4525.683,,False,,False
4684.298,LEC,16,26.0,76.924,19.297,34.916,22.711,5.0,SOFT,2.0,True,Ferrari,1,,True,216.0,193.0,261.0,278.0,,,False,,False
4756.649,LEC,16,27.0,72.351,19.042,34.035,19.274,5.0,SOFT,3.0,True,Ferrari,1,,True,220.0,205.0,263.0,279.0,,,False,,False
4855.17,LEC,16,28.0,98.521,25.416,48.059,25.046,5.0,SOFT,4.0,True,Ferrari,1,,True,169.0,172.0,263.0,246.0,,,False,,False
4933.668,LEC,16,29.0,,18.986,34.415,25.046,5.0,SOFT,5.0,True,Ferrari,12,,False,223.0,131.0,,280.0,,5018.039,False,,False
1024.327,HAD,6,1.0,95.174,31.984,40.558,22.632,1.0,SOFT,1.0,True,Red Bull Racing,1,,False,156.0,166.0,257.0,267.0,930.155,,False,,False
1124.382,HAD,6,2.0,100.055,23.256,41.109,35.69,1.0,SOFT,2.0,True,Red Bull Racing,1,,True,139.0,165.0,253.0,262.0,,,False,,False
1217.84,HAD,6,3.0,93.458,22.428,40.303,30.727,1.0,SOFT,3.0,True,Red Bull Racing,1,,True,183.0,92.0,258.0,260.0,,,False,,False
1292.847,HAD,6,4.0,75.007,19.859,35.245,19.903,1.0,SOFT,4.0,True,Red Bull Racing,1,,True,209.0,191.0,263.0,281.0,,,False,,False
1367.464,HAD,6,5.0,74.617,19.546,35.317,19.754,1.0,SOFT,5.0,True,Red Bull Racing,1,,True,212.0,195.0,263.0,280.0,,,False,,False
1468.791,HAD,6,6.0,101.327,25.813,47.976,27.538,1.0,SOFT,6.0,True,Red Bull Racing,1,,True,129.0,102.0,257.0,203.0,,,False,,False
1543.199,HAD,6,7.0,74.408,19.566,35.084,19.758,1.0,SOFT,7.0,True,Red Bull Racing,1,,True,214.0,194.0,263.0,282.0,,,False,,False
2222.674,HAD,6,8.0,,22.533,44.353,,1.0,SOFT,8.0,True,Red Bull Racing,125,,False,169.0,154.0,,206.0,,1626.117,False,,False
2851.917,HAD,6,9.0,,39.853,39.178,,2.0,SOFT,9.0,False,Red Bull Racing,1,,False,178.0,173.0,,267.0,2222.674,2313.775,False,,False
2940.35,HAD,6,10.0,88.433,27.062,39.385,21.986,3.0,SOFT,1.0,True,Red Bull Racing,1,,False,163.0,181.0,259.0,269.0,2852.572,,False,,False
3023.617,HAD,6,11.0,83.267,21.014,39.492,22.761,3.0,SOFT,2.0,True,Red Bull Racing,1,,True,176.0,172.0,265.0,270.0,,,False,,False
3096.779,HAD,6,12.0,73.162,19.118,34.596,19.448,3.0,SOFT,3.0,True,Red Bull Racing,1,,True,216.0,197.0,264.0,281.0,,,False,,False
3431.551,HAD,6,13.0,,22.522,42.387,,3.0,SOFT,4.0,True,Red Bull Racing,1,,False,177.0,151.0,,233.0,,3177.571,False,,False
3524.318,HAD,6,14.0,92.767,31.329,40.248,21.19,4.0,SOFT,1.0,True,Red Bull Racing,1,,False,178.0,176.0,258.0,271.0,3432.964,,False,,False
3605.364,HAD,6,15.0,81.046,20.189,39.447,21.41,4.0,SOFT,2.0,True,Red Bull Racing,1,,True,195.0,184.0,266.0,271.0,,,False,,False
3678.086,HAD,6,16.0,72.722,19.051,34.311,19.36,4.0,SOFT,3.0,True,Red Bull Racing,1,,True,219.0,198.0,265.0,281.0,,,False,,False
4177.193,HAD,6,17.0,,22.624,43.05,,4.0,SOFT,4.0,True,Red Bull Racing,1,,False,151.0,147.0,,214.0,,3760.153,False,,False
4269.807,HAD,6,18.0,92.614,29.558,40.924,22.132,5.0,SOFT,1.0,True,Red Bull Racing,1,,False,177.0,169.0,258.0,257.0,4177.813,,False,,False
4348.506,HAD,6,19.0,78.699,20.325,37.42,20.954,5.0,SOFT,2.0,True,Red Bull Racing,1,,True,187.0,182.0,264.0,273.0,,,False,,False
4421.391,HAD,6,20.0,72.885,19.026,34.505,19.354,5.0,SOFT,3.0,True,Red Bull Racing,1,,True,219.0,200.0,263.0,282.0,,,False,,False
4648.706,HAD,6,21.0,,21.907,38.206,,5.0,SOFT,4.0,True,Red Bull Racing,1,,False,175.0,184.0,,270.0,,4496.091,False,,False
4736.781,HAD,6,22.0,88.075,28.577,38.624,20.874,6.0,SOFT,1.0,True,Red Bull Racing,1,,False,188.0,180.0,259.0,248.0,4650.561,,False,,False
4817.763,HAD,6,23.0,80.982,20.262,39.403,21.317,6.0,SOFT,2.0,True,Red Bull Racing,1,,True,191.0,185.0,263.0,271.0,,,False,,False
4890.197,HAD,6,24.0,72.434,19.001,34.202,19.231,6.0,SOFT,3.0,True,Red Bull Racing,1,,True,219.0,201.0,264.0,281.0,,,False,,False
4973.188,HAD,6,25.0,,21.86,41.755,,6.0,SOFT,4.0,True,Red Bull Racing,12,,False,173.0,143.0,,200.0,,4973.188,False,,False
1065.011,RUS,63,1.0,95.179,32.367,40.236,22.576,1.0,SOFT,1.0,True,Mercedes,1,,False,164.0,165.0,261.0,271.0,971.314,,True,TRACK LIMITS AT TURN 10 LAP 2 ,False
1158.543,RUS,63,2.0,93.532,23.836,47.876,21.82,1.0,SOFT,2.0,True,Mercedes,1,,True,78.0,167.0,263.0,272.0,,,True,TRACK LIMITS AT TURN 10 LAP 3 ,False
1234.275,RUS,63,3.0,75.732,20.036,35.671,20.025,1.0,SOFT,3.0,True,Mercedes,1,,True,203.0,198.0,263.0,281.0,,,False,,False
1333.874,RUS,63,4.0,99.599,25.536,46.396,27.667,1.0,SOFT,4.0,True,Mercedes,1,,True,170.0,174.0,259.0,239.0,,,True,TRACK LIMITS AT TURN 10 LAP 5 ,False
1427.436,RUS,63,5.0,93.562,19.695,47.258,26.609,1.0,SOFT,5.0,True,Mercedes,1,,True,213.0,169.0,260.0,244.0,,,True,TRACK LIMITS AT TURN 16 LAP 6 ,False
1502.293,RUS,63,6.0,74.857,19.682,35.196,19.979,1.0,SOFT,6.0,True,Mercedes,1,,True,211.0,197.0,263.0,282.0,,,False,,False
1610.248,RUS,63,7.0,107.955,32.288,54.286,21.381,1.0,SOFT,7.0,True,Mercedes,1,,True,78.0,165.0,262.0,129.0,,,False,,False
1684.462,RUS,63,8.0,74.214,19.504,35.031,19.679,1.0,SOFT,8.0,True,Mercedes,1,,True,215.0,196.0,265.0,281.0,,,False,,False
1788.629,RUS,63,9.0,104.167,28.121,48.243,27.803,1.0,SOFT,9.0,True,Mercedes,12,,True,146.0,146.0,189.0,238.0,,,False,,False
2866.089,RUS,63,10.0,,,,,1.0,SOFT,10.0,True,Mercedes,251,,False,,,,,,1893.229,False,,False
2952.559,RUS,63,11.0,86.47,26.866,38.524,21.08,2.0,SOFT,1.0,True,Mercedes,1,,False,161.0,181.0,261.0,279.0,2867.116,,False,,False
3041.941,RUS,63,12.0,89.382,20.334,48.287,20.761,2.0,SOFT,2.0,True,Mercedes,1,,True,195.0,184.0,263.0,251.0,,,False,,False
3115.664,RUS,63,13.0,73.723,19.455,34.799,19.469,2.0,SOFT,3.0,True,Mercedes,1,,True,212.0,200.0,264.0,280.0,,,False,,False
3218.349,RUS,63,14.0,102.685,30.46,51.503,20.722,2.0,SOFT,4.0,True,Mercedes,1,,True,144.0,180.0,263.0,175.0,,,False,,False
3291.67,RUS,63,15.0,73.321,19.267,34.527,19.527,2.0,SOFT,5.0,True,Mercedes,1,,True,213.0,200.0,263.0,280.0,,,False,,False
3394.307,RUS,63,16.0,102.637,23.752,39.15,39.735,2.0,SOFT,6.0,True,Mercedes,1,,False,172.0,184.0,,241.0,,3369.33,False,,False
3476.48,RUS,63,17.0,82.173,23.82,37.492,20.861,3.0,SOFT,1.0,True,Mercedes,1,,False,195.0,187.0,261.0,272.0,3394.983,,False,,False
3558.091,RUS,63,18.0,81.611,20.134,37.968,23.509,3.0,SOFT,2.0,True,Mercedes,1,,True,197.0,182.0,261.0,281.0,,,True,TRACK LIMITS AT TURN 10 LAP 19 ,False
3631.329,RUS,63,19.0,73.238,19.3,34.49,19.448,3.0,SOFT,3.0,True,Mercedes,1,,True,214.0,202.0,266.0,283.0,,,False,,False
4142.279,RUS,63,20.0,,31.644,41.068,,3.0,SOFT,4.0,True,Mercedes,1,,False,127.0,169.0,,245.0,,3719.489,False,,False
4229.792,RUS,63,21.0,87.513,30.148,37.018,20.347,4.0,SOFT,1.0,True,Mercedes,1,,False,185.0,190.0,262.0,276.0,4143.24,,False,,False
4317.059,RUS,63,22.0,87.267,26.888,39.368,21.011,4.0,SOFT,2.0,True,Mercedes,1,,True,195.0,186.0,236.0,252.0,,,False,,False
4389.885,RUS,63,23.0,72.826,19.196,34.3,19.33,4.0,SOFT,3.0,True,Mercedes,1,,True,215.0,206.0,264.0,280.0,,,False,,False
4662.008,RUS,63,24.0,,22.657,37.881,,4.0,SOFT,4.0,True,Mercedes,1,,False,186.0,180.0,,241.0,,4465.248,False,,False
4747.786,RUS,63,25.0,85.778,27.859,37.295,20.624,5.0,SOFT,1.0,True,Mercedes,1,,False,190.0,187.0,262.0,273.0,4663.003,,False,,False
4825.327,RUS,63,26.0,77.541,19.948,37.277,20.316,5.0,SOFT,2.0,True,Mercedes,1,,True,205.0,185.0,264.0,274.0,,,False,,False
4897.772,RUS,63,27.0,72.445,18.97,34.253,19.222,5.0,SOFT,3.0,True,Mercedes,1,,True,219.0,206.0,264.0,281.0,,,False,,False
4988.237,RUS,63,28.0,,27.166,44.736,,5.0,SOFT,4.0,True,Mercedes,12,,False,135.0,132.0,,188.0,,4988.237,False,,False
1062.467,PIA,81,1.0,101.837,36.508,42.09,23.239,1.0,SOFT,1.0,True,McLaren,1,,False,151.0,173.0,262.0,273.0,961.979,,False,,False
1148.305,PIA,81,2.0,85.838,21.92,42.208,21.71,1.0,SOFT,2.0,True,McLaren,1,,True,166.0,152.0,263.0,266.0,,,False,,False
1223.123,PIA,81,3.0,74.818,19.744,35.218,19.856,1.0,SOFT,3.0,True,McLaren,1,,True,208.0,199.0,264.0,282.0,,,False,,False
1308.392,PIA,81,4.0,85.269,19.717,43.436,22.116,1.0,SOFT,4.0,True,McLaren,1,,True,205.0,158.0,263.0,215.0,,,False,,False
1382.551,PIA,81,5.0,74.159,19.54,34.942,19.677,1.0,SOFT,5.0,True,McLaren,1,,True,212.0,203.0,265.0,280.0,,,False,,False
1485.332,PIA,81,6.0,102.781,29.778,44.66,28.343,1.0,SOFT,6.0,True,McLaren,1,,True,134.0,151.0,166.0,208.0,,,False,,False
1590.105,PIA,81,7.0,104.773,29.509,53.344,21.92,1.0,SOFT,7.0,True,McLaren,1,,True,142.0,145.0,262.0,238.0,,,False,,False
1664.294,PIA,81,8.0,74.189,19.647,34.963,19.579,1.0,SOFT,8.0,True,McLaren,1,,True,201.0,203.0,264.0,281.0,,,False,,False
1762.288,PIA,81,9.0,97.994,26.522,48.814,22.658,1.0,SOFT,9.0,True,McLaren,1,,True,156.0,174.0,228.0,239.0,,,False,,False
2216.196,PIA,81,10.0,,27.108,,,1.0,SOFT,10.0,True,McLaren,125,,False,164.0,,,,,1865.398,False,,False
2843.305,PIA,81,11.0,,41.155,40.524,,2.0,SOFT,11.0,False,McLaren,1,,False,146.0,173.0,,266.0,2216.196,2311.998,False,,False
2937.212,PIA,81,12.0,93.907,32.858,39.225,21.824,3.0,SOFT,1.0,True,McLaren,1,,False,162.0,176.0,254.0,273.0,2844.407,,False,,False
3018.66,PIA,81,13.0,81.448,20.684,39.718,21.046,3.0,SOFT,2.0,True,McLaren,1,,True,187.0,173.0,264.0,278.0,,,False,,False
3091.732,PIA,81,14.0,73.072,19.265,34.501,19.306,3.0,SOFT,3.0,True,McLaren,1,,True,208.0,203.0,264.0,281.0,,,False,,False
3218.472,PIA,81,15.0,126.74,23.97,49.003,53.767,3.0,SOFT,4.0,True,McLaren,1,,False,137.0,86.0,,196.0,,3182.427,False,,False
3310.017,PIA,81,16.0,91.545,28.708,39.88,22.957,4.0,SOFT,1.0,True,McLaren,1,,False,165.0,167.0,262.0,276.0,3219.213,,False,,False
3388.965,PIA,81,17.0,78.948,20.806,37.246,20.896,4.0,SOFT,2.0,True,McLaren,1,,True,191.0,181.0,263.0,275.0,,,False,,False
3461.975,PIA,81,18.0,73.01,19.289,34.387,19.334,4.0,SOFT,3.0,True,McLaren,1,,True,211.0,207.0,264.0,279.0,,,False,,False
3562.261,PIA,81,19.0,100.286,29.723,49.595,20.968,4.0,SOFT,4.0,True,McLaren,1,,True,152.0,172.0,264.0,249.0,,,False,,False
3635.244,PIA,81,20.0,72.983,19.191,34.413,19.379,4.0,SOFT,5.0,True,McLaren,1,,True,214.0,205.0,265.0,282.0,,,False,,False
4095.356,PIA,81,21.0,,28.534,42.919,,4.0,SOFT,6.0,True,McLaren,1,,False,122.0,169.0,,228.0,,3722.664,False,,False
4183.71,PIA,81,22.0,88.354,28.067,38.795,21.492,5.0,SOFT,1.0,True,McLaren,1,,False,165.0,183.0,258.0,274.0,4096.861,,False,,False
4262.892,PIA,81,23.0,79.182,20.477,37.849,20.856,5.0,SOFT,2.0,True,McLaren,1,,True,186.0,182.0,264.0,274.0,,,False,,False
4335.808,PIA,81,24.0,72.916,19.039,34.257,19.62,5.0,SOFT,3.0,True,McLaren,1,,True,215.0,205.0,263.0,281.0,,,False,,False
4603.74,PIA,81,25.0,,25.304,42.95,,5.0,SOFT,4.0,True,McLaren,1,,False,172.0,165.0,,244.0,,4419.715,False,,False
4695.285,PIA,81,26.0,91.545,32.26,38.242,21.043,6.0,SOFT,1.0,True,McLaren,1,,False,177.0,187.0,261.0,273.0,4604.449,,False,,False
4779.145,PIA,81,27.0,83.86,20.279,42.79,20.791,6.0,SOFT,2.0,True,McLaren,1,,True,193.0,182.0,264.0,267.0,,,False,,False
4851.769,PIA,81,28.0,72.624,19.047,34.288,19.289,6.0,SOFT,3.0,True,McLaren,1,,True,212.0,208.0,264.0,281.0,,,False,,False
4944.039,PIA,81,29.0,,27.117,43.762,,6.0,SOFT,4.0,True,McLaren,12,,False,157.0,122.0,,229.0,,4944.039,False,,False
1029.653,NOR,1,1.0,93.926,29.796,42.653,21.477,1.0,SOFT,1.0,True,McLaren,1,,False,84.0,178.0,261.0,260.0,936.741,,False,,False
1115.554,NOR,1,2.0,85.901,20.25,36.85,28.801,1.0,SOFT,2.0,True,McLaren,1,,True,185.0,192.0,255.0,279.0,,,False,,False
1189.849,NOR,1,3.0,74.295,19.652,34.99,19.653,1.0,SOFT,3.0,True,McLaren,1,,True,207.0,202.0,264.0,281.0,,,False,,False
1279.806,NOR,1,4.0,89.957,20.056,45.198,24.703,1.0,SOFT,4.0,True,McLaren,1,,True,170.0,144.0,262.0,205.0,,,False,,False
1353.602,NOR,1,5.0,73.796,19.503,34.806,19.487,1.0,SOFT,5.0,True,McLaren,1,,True,212.0,202.0,264.0,281.0,,,False,,False
1441.188,NOR,1,6.0,87.586,22.626,41.861,23.099,1.0,SOFT,6.0,True,McLaren,1,,True,157.0,165.0,224.0,250.0,,,False,,False
1525.176,NOR,1,7.0,83.988,21.735,41.288,20.965,1.0,SOFT,7.0,True,McLaren,1,,True,186.0,168.0,263.0,243.0,,,False,,False
1598.806,NOR,1,8.0,73.63,19.295,34.777,19.558,1.0,SOFT,8.0,True,McLaren,1,,True,214.0,203.0,264.0,281.0,,,False,,False
1688.103,NOR,1,9.0,89.297,22.02,45.151,22.126,1.0,SOFT,9.0,True,McLaren,1,,True,157.0,186.0,220.0,238.0,,,False,,False
1774.887,NOR,1,10.0,86.784,22.201,43.407,21.176,1.0,SOFT,10.0,True,McLaren,1,,True,166.0,182.0,262.0,235.0,,,False,,False
2859.821,NOR,1,11.0,,19.37,,,1.0,SOFT,11.0,True,McLaren,125,,False,212.0,,,235.0,,1866.281,False,,False
2950.612,NOR,1,12.0,90.791,30.76,38.295,21.736,2.0,SOFT,1.0,True,McLaren,1,,False,163.0,181.0,262.0,275.0,2860.757,,False,,False
3031.383,NOR,1,13.0,80.771,19.858,35.646,25.267,2.0,SOFT,2.0,True,McLaren,1,,True,195.0,178.0,263.0,280.0,,,False,,False
3104.302,NOR,1,14.0,72.919,19.252,34.303,19.364,2.0,SOFT,3.0,True,McLaren,1,,True,215.0,206.0,264.0,280.0,,,False,,False
3193.381,NOR,1,15.0,89.079,22.152,44.534,22.393,2.0,SOFT,4.0,True,McLaren,1,,True,153.0,179.0,264.0,240.0,,,False,,False
3266.357,NOR,1,16.0,72.976,19.185,34.521,19.27,2.0,SOFT,5.0,True,McLaren,1,,True,216.0,204.0,264.0,279.0,,,False,,False
3372.47,NOR,1,17.0,106.113,22.65,39.752,43.711,2.0,SOFT,6.0,True,McLaren,1,,False,156.0,168.0,,221.0,,3344.882,False,,False
3458.118,NOR,1,18.0,85.648,25.638,38.155,21.855,3.0,SOFT,1.0,True,McLaren,1,,False,168.0,187.0,263.0,272.0,3373.186,,False,,False
3537.7,NOR,1,19.0,79.582,19.961,36.111,23.51,3.0,SOFT,2.0,True,McLaren,1,,True,196.0,192.0,264.0,277.0,,,False,,False
3610.963,NOR,1,20.0,73.263,19.48,34.602,19.181,3.0,SOFT,3.0,True,McLaren,1,,True,212.0,199.0,264.0,280.0,,,False,,False
4102.803,NOR,1,21.0,,22.06,41.549,,3.0,SOFT,4.0,True,McLaren,1,,False,176.0,185.0,,235.0,,3689.184,False,,False
4190.019,NOR,1,22.0,87.216,29.858,36.808,20.55,4.0,SOFT,1.0,True,McLaren,1,,False,184.0,189.0,262.0,276.0,4104.25,,False,,False
4268.369,NOR,1,23.0,78.35,19.512,35.819,23.019,4.0,SOFT,2.0,True,McLaren,1,,True,207.0,193.0,264.0,279.0,,,False,,False
4341.134,NOR,1,24.0,72.765,19.124,34.297,19.344,4.0,SOFT,3.0,True,McLaren,1,,True,219.0,203.0,264.0,280.0,,,False,,False
4615.849,NOR,1,25.0,,22.058,42.636,,4.0,SOFT,4.0,True,McLaren,1,,False,170.0,162.0,,239.0,,4421.691,False,,False
4699.486,NOR,1,26.0,83.637,25.507,37.083,21.047,5.0,SOFT,1.0,True,McLaren,1,,False,180.0,185.0,263.0,277.0,4616.773,,False,,False
4786.352,NOR,1,27.0,86.866,19.546,45.762,21.558,5.0,SOFT,2.0,True,McLaren,1,,True,202.0,192.0,264.0,273.0,,,False,,False
4857.262,NOR,1,28.0,,19.025,35.051,,5.0,SOFT,3.0,True,McLaren,1,,False,219.0,158.0,,280.0,,4857.262,False,,False
968.047,GAS,10,1.0,99.694,35.689,41.203,22.802,1.0,SOFT,1.0,True,Alpine,1,,False,155.0,169.0,250.0,270.0,869.897,,False,,False
1052.399,GAS,10,2.0,84.352,22.189,40.365,21.798,1.0,SOFT,2.0,True,Alpine,1,,True,170.0,176.0,264.0,272.0,,,False,,False
1130.997,GAS,10,3.0,78.598,20.532,37.178,20.888,1.0,SOFT,3.0,True,Alpine,1,,True,191.0,184.0,264.0,279.0,,,False,,False
1206.722,GAS,10,4.0,75.725,19.783,35.791,20.151,1.0,SOFT,4.0,True,Alpine,1,,True,207.0,193.0,266.0,284.0,,,False,,False
1318.598,GAS,10,5.0,111.876,23.293,43.235,45.348,1.0,SOFT,5.0,True,Alpine,1,,False,153.0,105.0,,245.0,,1291.834,False,,False
1417.019,GAS,10,6.0,98.421,27.89,45.17,25.361,2.0,SOFT,1.0,True,Alpine,1,,False,98.0,164.0,245.0,259.0,1319.317,,False,,False
1507.669,GAS,10,7.0,90.65,21.501,42.734,26.415,2.0,SOFT,2.0,True,Alpine,1,,True,187.0,133.0,260.0,281.0,,,False,,False
1583.308,GAS,10,8.0,75.639,20.12,35.618,19.901,2.0,SOFT,3.0,True,Alpine,1,,True,202.0,195.0,265.0,283.0,,,False,,False
1674.259,GAS,10,9.0,90.951,24.933,44.021,21.997,2.0,SOFT,4.0,True,Alpine,1,,True,179.0,177.0,257.0,243.0,,,False,,False
1748.728,GAS,10,10.0,74.469,19.675,35.111,19.683,2.0,SOFT,5.0,True,Alpine,1,,True,207.0,198.0,266.0,284.0,,,False,,False
2183.13,GAS,10,11.0,,28.46,,,2.0,SOFT,6.0,True,Alpine,125,,False,139.0,,,,,1847.631,False,,False
2278.596,GAS,10,12.0,95.466,33.583,40.184,21.699,3.0,SOFT,7.0,False,Alpine,1,,False,166.0,173.0,264.0,238.0,2184.594,,False,,False
2776.449,GAS,10,13.0,,20.07,35.587,,3.0,SOFT,8.0,False,Alpine,1,,False,200.0,189.0,,283.0,,2348.486,False,,False
2867.147,GAS,10,14.0,90.698,29.329,39.682,21.687,4.0,SOFT,1.0,True,Alpine,1,,False,161.0,176.0,260.0,261.0,2777.98,,False,,False
2947.367,GAS,10,15.0,80.22,21.294,37.237,21.689,4.0,SOFT,2.0,True,Alpine,1,,True,191.0,182.0,249.0,280.0,,,False,,False
3034.69,GAS,10,16.0,87.323,20.939,39.6,26.784,4.0,SOFT,3.0,True,Alpine,1,,True,178.0,152.0,263.0,281.0,,,False,,False
3108.841,GAS,10,17.0,74.151,19.679,34.88,19.592,4.0,SOFT,4.0,True,Alpine,1,,True,208.0,200.0,265.0,284.0,,,False,,False
3283.244,GAS,10,18.0,,22.811,40.177,,4.0,SOFT,5.0,True,Alpine,1,,False,173.0,163.0,,243.0,,3187.932,False,,False
3373.965,GAS,10,19.0,90.721,30.855,38.537,21.329,5.0,SOFT,1.0,True,Alpine,1,,False,170.0,186.0,249.0,265.0,3284.25,,False,,False
3452.866,GAS,10,20.0,78.901,20.775,37.1,21.026,5.0,SOFT,2.0,True,Alpine,1,,True,192.0,177.0,266.0,280.0,,,False,,False
3526.628,GAS,10,21.0,73.762,19.379,34.838,19.545,5.0,SOFT,3.0,True,Alpine,1,,True,210.0,200.0,266.0,284.0,,,False,,False
3634.604,GAS,10,22.0,107.976,28.463,47.759,31.754,5.0,SOFT,4.0,True,Alpine,1,,True,151.0,137.0,251.0,239.0,,,False,,False
3708.828,GAS,10,23.0,74.224,19.623,35.015,19.586,5.0,SOFT,5.0,True,Alpine,1,,True,210.0,197.0,267.0,284.0,,,False,,False
4156.251,GAS,10,24.0,,26.2,40.755,,5.0,SOFT,6.0,True,Alpine,1,,False,155.0,168.0,,241.0,,3792.231,False,,False
4253.407,GAS,10,25.0,97.156,34.816,40.286,22.054,6.0,SOFT,6.0,False,Alpine,1,,False,169.0,175.0,220.0,241.0,4158.003,,False,,False
4332.472,GAS,10,26.0,79.065,21.353,36.801,20.911,6.0,SOFT,7.0,False,Alpine,1,,True,192.0,184.0,266.0,280.0,,,False,,False
4406.484,GAS,10,27.0,74.012,19.438,35.022,19.552,6.0,SOFT,8.0,False,Alpine,1,,True,211.0,198.0,265.0,284.0,,,False,,False
4593.716,GAS,10,28.0,,22.374,39.014,,6.0,SOFT,9.0,False,Alpine,1,,False,171.0,173.0,,241.0,,4483.691,False,,False
4678.892,GAS,10,29.0,85.176,26.136,37.908,21.132,7.0,SOFT,1.0,True,Alpine,1,,False,180.0,182.0,261.0,274.0,4594.53,,False,,False
4760.125,GAS,10,30.0,81.233,20.55,40.363,20.32,7.0,SOFT,2.0,True,Alpine,1,,True,195.0,186.0,267.0,271.0,,,False,,False
4833.351,GAS,10,31.0,73.226,19.278,34.512,19.436,7.0,SOFT,3.0,True,Alpine,1,,True,213.0,195.0,265.0,284.0,,,False,,False
4929.429,GAS,10,32.0,,26.582,44.781,,7.0,SOFT,4.0,True,Alpine,12,,False,87.0,161.0,,236.0,,4929.429,False,,False
997.751,LAW,30,1.0,99.452,33.389,42.574,23.489,1.0,SOFT,1.0,True,Racing Bulls,1,,False,145.0,156.0,251.0,252.0,899.331,,False,,False
1084.337,LAW,30,2.0,86.586,21.657,43.861,21.068,1.0,SOFT,2.0,True,Racing Bulls,1,,True,173.0,179.0,265.0,258.0,,,False,,False
1159.814,LAW,30,3.0,75.477,19.898,35.554,20.025,1.0,SOFT,3.0,True,Racing Bulls,1,,True,202.0,188.0,265.0,283.0,,,False,,False
1247.543,LAW,30,4.0,87.729,23.242,42.618,21.869,1.0,SOFT,4.0,True,Racing Bulls,1,,True,154.0,176.0,265.0,263.0,,,False,,False
1328.875,LAW,30,5.0,81.332,19.954,37.816,23.562,1.0,SOFT,5.0,True,Racing Bulls,1,,True,208.0,170.0,263.0,276.0,,,False,,False
1438.985,LAW,30,6.0,110.11,19.837,35.814,54.459,1.0,SOFT,6.0,True,Racing Bulls,1,,False,204.0,193.0,,283.0,,1400.292,False,,False
1532.45,LAW,30,7.0,93.465,26.107,42.635,24.723,2.0,SOFT,1.0,True,Racing Bulls,1,,False,167.0,166.0,253.0,243.0,1439.75,,False,,False
1620.388,LAW,30,8.0,87.938,21.899,44.923,21.116,2.0,SOFT,2.0,True,Racing Bulls,1,,True,168.0,180.0,264.0,263.0,,,False,,False
1694.886,LAW,30,9.0,74.498,19.751,35.213,19.534,2.0,SOFT,3.0,True,Racing Bulls,1,,True,204.0,196.0,265.0,283.0,,,False,,False
1790.783,LAW,30,10.0,95.897,24.558,47.733,23.606,2.0,SOFT,4.0,True,Racing Bulls,12,,True,159.0,179.0,262.0,126.0,,,False,,False
2796.851,LAW,30,11.0,,,,,2.0,SOFT,5.0,True,Racing Bulls,251,,False,,,,,,1889.091,False,,False
2897.945,LAW,30,12.0,101.094,37.623,40.923,22.548,3.0,SOFT,1.0,True,Racing Bulls,1,,False,154.0,167.0,251.0,253.0,2797.756,,False,,False
2979.205,LAW,30,13.0,81.26,21.102,39.344,20.814,3.0,SOFT,2.0,True,Racing Bulls,1,,True,183.0,184.0,264.0,272.0,,,False,,False
3053.302,LAW,30,14.0,74.097,19.474,34.977,19.646,3.0,SOFT,3.0,True,Racing Bulls,1,,True,210.0,197.0,265.0,283.0,,,False,,False
3146.276,LAW,30,15.0,92.974,24.434,47.256,21.284,3.0,SOFT,4.0,True,Racing Bulls,1,,True,160.0,181.0,264.0,235.0,,,False,,False
3220.103,LAW,30,16.0,73.827,19.465,34.916,19.446,3.0,SOFT,5.0,True,Racing Bulls,1,,True,209.0,199.0,266.0,282.0,,,False,,False
3336.206,LAW,30,17.0,116.103,23.661,41.164,51.278,3.0,SOFT,6.0,True,Racing Bulls,1,,False,97.0,171.0,,235.0,,3300.931,False,,False
3425.711,LAW,30,18.0,89.505,27.466,39.633,22.406,4.0,SOFT,1.0,True,Racing Bulls,1,,False,171.0,160.0,251.0,257.0,3337.04,,False,,False
3506.516,LAW,30,19.0,80.805,21.336,38.531,20.938,4.0,SOFT,2.0,True,Racing Bulls,1,,True,179.0,179.0,264.0,266.0,,,False,,False
3579.987,LAW,30,20.0,73.471,19.402,34.709,19.36,4.0,SOFT,3.0,True,Racing Bulls,1,,True,216.0,199.0,266.0,282.0,,,False,,False
4130.031,LAW,30,21.0,,19.252,37.969,,4.0,SOFT,4.0,True,Racing Bulls,1,,False,211.0,154.0,,284.0,,3654.144,False,,False
4227.223,LAW,30,22.0,97.192,31.945,40.364,24.883,5.0,SOFT,1.0,True,Racing Bulls,1,,False,153.0,175.0,250.0,260.0,4130.982,,False,,False
4306.945,LAW,30,23.0,79.722,21.307,37.834,20.581,5.0,SOFT,2.0,True,Racing Bulls,1,,True,177.0,187.0,265.0,264.0,,,False,,False
4380.735,LAW,30,24.0,73.79,19.43,34.794,19.566,5.0,SOFT,3.0,True,Racing Bulls,1,,True,208.0,199.0,265.0,281.0,,,False,,False
4598.346,LAW,30,25.0,,19.42,37.157,,5.0,SOFT,4.0,True,Racing Bulls,1,,False,213.0,171.0,,251.0,,4452.8,False,,False
4691.058,LAW,30,26.0,92.712,31.265,39.339,22.108,6.0,SOFT,6.0,False,Racing Bulls,1,,False,167.0,175.0,253.0,263.0,4599.12,,False,,False
4772.64,LAW,30,27.0,81.582,20.627,40.181,20.774,6.0,SOFT,7.0,False,Racing Bulls,1,,True,184.0,186.0,265.0,264.0,,,False,,False
4846.052,LAW,30,28.0,73.412,19.302,34.755,19.355,6.0,SOFT,8.0,False,Racing Bulls,1,,True,213.0,201.0,266.0,282.0,,,False,,False
4934.572,LAW,30,29.0,,19.209,40.849,,6.0,SOFT,9.0,False,Racing Bulls,12,,False,214.0,149.0,,282.0,,4934.572,False,,False
994.028,ALB,23,1.0,99.054,31.2,45.602,22.252,1.0,SOFT,1.0,True,Williams,1,,False,157.0,165.0,259.0,264.0,896.055,,False,,False
1078.819,ALB,23,2.0,84.791,21.099,42.389,21.303,1.0,SOFT,2.0,True,Williams,1,,True,184.0,172.0,264.0,268.0,,,False,,False
1155.151,ALB,23,3.0,76.332,20.056,36.021,20.255,1.0,SOFT,3.0,True,Williams,1,,True,205.0,187.0,265.0,285.0,,,False,,False
1231.813,ALB,23,4.0,76.662,20.151,36.077,20.434,1.0,SOFT,4.0,True,Williams,1,,True,209.0,187.0,265.0,281.0,,,False,,False
1337.937,ALB,23,5.0,106.124,28.721,51.94,25.463,1.0,SOFT,5.0,True,Williams,1,,True,119.0,108.0,263.0,222.0,,,False,,False
1413.549,ALB,23,6.0,75.612,20.047,35.508,20.057,1.0,SOFT,6.0,True,Williams,1,,True,208.0,191.0,265.0,285.0,,,False,,False
1519.312,ALB,23,7.0,105.763,23.935,38.231,43.597,1.0,SOFT,7.0,True,Williams,1,,False,171.0,176.0,,245.0,,1490.364,False,,False
1611.414,ALB,23,8.0,92.102,28.685,41.483,21.934,2.0,SOFT,1.0,True,Williams,1,,False,169.0,172.0,256.0,261.0,1520.226,,False,,False
1697.458,ALB,23,9.0,86.044,20.724,44.322,20.998,2.0,SOFT,2.0,True,Williams,1,,True,191.0,176.0,265.0,269.0,,,False,,False
1771.779,ALB,23,10.0,74.321,19.571,35.188,19.562,2.0,SOFT,3.0,True,Williams,1,,True,211.0,195.0,265.0,283.0,,,False,,False
2201.887,ALB,23,11.0,,27.967,,,2.0,SOFT,4.0,True,Williams,125,,False,148.0,,,,,1868.346,False,,False
2299.451,ALB,23,12.0,97.564,34.248,41.634,21.682,3.0,SOFT,5.0,False,Williams,1,,False,172.0,176.0,266.0,261.0,2202.917,,False,,False
2374.727,ALB,23,13.0,75.276,19.918,35.525,19.833,3.0,SOFT,6.0,False,Williams,1,,True,208.0,193.0,264.0,283.0,,,False,,False
2806.658,ALB,23,14.0,,23.787,40.99,,3.0,SOFT,7.0,False,Williams,1,,False,174.0,152.0,,261.0,,2455.947,False,,False
2901.075,ALB,23,15.0,94.417,33.392,39.887,21.138,4.0,SOFT,1.0,True,Williams,1,,False,179.0,181.0,256.0,275.0,2807.612,,False,,False
2985.615,ALB,23,16.0,84.54,20.49,42.969,21.081,4.0,SOFT,2.0,True,Williams,1,,True,187.0,177.0,266.0,258.0,,,False,,False
3059.902,ALB,23,17.0,74.287,19.664,35.03,19.593,4.0,SOFT,3.0,True,Williams,1,,True,212.0,194.0,265.0,283.0,,,False,,False
3155.313,ALB,23,18.0,95.411,27.735,45.793,21.883,4.0,SOFT,4.0,True,Williams,1,,True,139.0,172.0,265.0,240.0,,,False,,False
3229.449,ALB,23,19.0,74.136,19.583,34.999,19.554,4.0,SOFT,5.0,True,Williams,1,,True,212.0,198.0,266.0,283.0,,,False,,False
3424.047,ALB,23,20.0,,22.914,39.581,,4.0,SOFT,6.0,True,Williams,1,,False,169.0,176.0,,258.0,,3306.705,False,,False
3512.627,ALB,23,21.0,88.58,27.043,40.217,21.32,5.0,SOFT,1.0,True,Williams,1,,False,191.0,184.0,255.0,263.0,3424.839,,False,,False
3595.978,ALB,23,22.0,83.351,20.402,42.372,20.577,5.0,SOFT,2.0,True,Williams,1,,True,187.0,184.0,266.0,265.0,,,False,,False
3669.765,ALB,23,23.0,73.787,19.35,34.774,19.663,5.0,SOFT,3.0,True,Williams,1,,True,215.0,194.0,265.0,283.0,,,False,,False
3756.178,ALB,23,24.0,,28.999,41.123,,5.0,SOFT,4.0,True,Williams,1,,False,148.0,155.0,,261.0,,3756.178,False,,False
1002.079,SAI,55,1.0,98.984,34.386,42.016,22.582,1.0,SOFT,1.0,True,Williams,1,,False,160.0,175.0,261.0,259.0,904.143,,False,,False
1089.941,SAI,55,2.0,87.862,21.257,42.955,23.65,1.0,SOFT,2.0,True,Williams,1,,True,181.0,175.0,264.0,268.0,,,False,,False
1167.265,SAI,55,3.0,77.324,20.314,36.682,20.328,1.0,SOFT,3.0,True,Williams,1,,True,204.0,190.0,265.0,281.0,,,False,,False
1242.239,SAI,55,4.0,74.974,19.687,35.379,19.908,1.0,SOFT,4.0,True,Williams,1,,True,211.0,196.0,265.0,284.0,,,False,,False
1342.031,SAI,55,5.0,99.792,26.462,49.042,24.288,1.0,SOFT,5.0,True,Williams,1,,True,125.0,170.0,265.0,241.0,,,False,,False
1420.902,SAI,55,6.0,78.871,19.68,36.758,22.433,1.0,SOFT,6.0,True,Williams,1,,True,210.0,164.0,264.0,285.0,,,False,,False
1559.177,SAI,55,7.0,138.275,20.267,38.266,79.742,1.0,SOFT,7.0,True,Williams,1,,False,195.0,176.0,,267.0,,1498.489,False,,False
1646.671,SAI,55,8.0,87.494,25.836,39.054,22.604,2.0,SOFT,1.0,True,Williams,1,,False,178.0,180.0,250.0,277.0,1559.913,,False,,False
1730.938,SAI,55,9.0,84.267,20.37,43.321,20.576,2.0,SOFT,2.0,True,Williams,1,,True,195.0,183.0,266.0,277.0,,,False,,False
2198.761,SAI,55,10.0,,19.527,44.839,,2.0,SOFT,3.0,True,Williams,125,,False,210.0,85.0,,284.0,,1817.595,False,,False
2296.402,SAI,55,11.0,97.641,33.053,42.989,21.599,3.0,SOFT,4.0,False,Williams,1,,False,178.0,185.0,265.0,256.0,2199.873,,False,,False
2370.75,SAI,55,12.0,74.348,19.729,35.058,19.561,3.0,SOFT,5.0,False,Williams,1,,True,213.0,199.0,265.0,283.0,,,False,,False
2791.428,SAI,55,13.0,,24.993,41.636,,3.0,SOFT,6.0,False,Williams,1,,False,150.0,163.0,,244.0,,2453.444,False,,False
2888.012,SAI,55,14.0,96.584,35.451,39.685,21.448,4.0,SOFT,1.0,True,Williams,1,,False,159.0,182.0,253.0,278.0,2792.476,,False,,False
2970.635,SAI,55,15.0,82.623,20.506,39.416,22.701,4.0,SOFT,2.0,True,Williams,1,,True,188.0,184.0,265.0,279.0,,,False,,False
3044.571,SAI,55,16.0,73.936,19.443,34.83,19.663,4.0,SOFT,3.0,True,Williams,1,,True,214.0,197.0,266.0,284.0,,,False,,False
3140.591,SAI,55,17.0,96.02,26.276,48.513,21.231,4.0,SOFT,4.0,True,Williams,1,,True,71.0,182.0,265.0,242.0,,,False,,False
3214.714,SAI,55,18.0,74.123,19.491,34.913,19.719,4.0,SOFT,5.0,True,Williams,1,,True,213.0,193.0,265.0,282.0,,,False,,False
3417.714,SAI,55,19.0,,26.966,41.655,,4.0,SOFT,6.0,True,Williams,1,,False,86.0,174.0,,242.0,,3298.835,False,,False
3508.838,SAI,55,20.0,91.124,25.941,42.934,22.249,5.0,SOFT,1.0,True,Williams,1,,False,160.0,183.0,256.0,275.0,3418.349,,False,,False
3590.982,SAI,55,21.0,82.144,20.556,41.247,20.341,5.0,SOFT,2.0,True,Williams,1,,True,170.0,186.0,266.0,277.0,,,False,,False
3664.797,SAI,55,22.0,73.815,19.342,34.796,19.677,5.0,SOFT,3.0,True,Williams,1,,True,214.0,200.0,265.0,282.0,,,False,,False
3749.315,SAI,55,23.0,,25.635,43.061,,5.0,SOFT,4.0,True,Williams,1,,False,146.0,157.0,,235.0,,3749.315,False,,False
984.785,HUL,27,1.0,101.262,35.827,42.468,22.967,1.0,SOFT,1.0,True,Audi,1,,False,140.0,162.0,262.0,253.0,884.558,,False,,False
1068.327,HUL,27,2.0,83.542,21.939,38.494,23.109,1.0,SOFT,2.0,True,Audi,1,,True,179.0,176.0,264.0,276.0,,,False,,False
1145.422,HUL,27,3.0,77.095,20.515,36.067,20.513,1.0,SOFT,3.0,True,Audi,1,,True,196.0,188.0,265.0,284.0,,,False,,False
1220.163,HUL,27,4.0,74.741,19.704,35.14,19.897,1.0,SOFT,4.0,True,Audi,1,,True,211.0,197.0,266.0,283.0,,,False,,False
1325.948,HUL,27,5.0,105.785,27.341,54.676,23.768,1.0,SOFT,5.0,True,Audi,1,,True,90.0,139.0,263.0,173.0,,,False,,False
1401.325,HUL,27,6.0,75.377,19.954,35.441,19.982,1.0,SOFT,6.0,True,Audi,1,,True,209.0,198.0,264.0,282.0,,,False,,False
1511.882,HUL,27,7.0,110.557,24.258,42.919,43.38,1.0,SOFT,7.0,True,Audi,1,,False,78.0,177.0,,255.0,,1485.488,False,,False
1602.238,HUL,27,8.0,90.356,25.811,42.758,21.787,2.0,SOFT,1.0,True,Audi,1,,False,176.0,169.0,263.0,265.0,1512.626,,False,,False
1683.239,HUL,27,9.0,81.001,20.286,36.272,24.443,2.0,SOFT,2.0,True,Audi,1,,True,197.0,188.0,264.0,282.0,,,False,,False
1757.162,HUL,27,10.0,73.923,19.413,34.962,19.548,2.0,SOFT,3.0,True,Audi,1,,True,211.0,196.0,265.0,283.0,,,False,,False
2822.212,HUL,27,11.0,,28.838,,,2.0,SOFT,4.0,True,Audi,125,,False,111.0,,,283.0,,1859.747,False,,False
2916.705,HUL,27,12.0,94.493,27.604,43.573,23.316,3.0,SOFT,4.0,False,Audi,1,,False,176.0,175.0,263.0,264.0,2823.026,,True,TRACK LIMITS AT TURN 10 LAP 13 ,False
2998.44,HUL,27,13.0,81.735,20.351,37.579,23.805,3.0,SOFT,5.0,False,Audi,1,,True,200.0,176.0,263.0,283.0,,,False,,False
3072.389,HUL,27,14.0,73.949,19.5,34.957,19.492,3.0,SOFT,6.0,False,Audi,1,,True,216.0,201.0,265.0,283.0,,,False,,False
3171.53,HUL,27,15.0,99.141,28.645,47.134,23.362,3.0,SOFT,7.0,False,Audi,1,,True,141.0,88.0,265.0,229.0,,,False,,False
3245.432,HUL,27,16.0,73.902,19.565,34.871,19.466,3.0,SOFT,8.0,False,Audi,1,,True,215.0,198.0,266.0,282.0,,,False,,False
3383.096,HUL,27,17.0,137.664,21.856,39.52,76.288,3.0,SOFT,9.0,False,Audi,1,,False,182.0,164.0,,254.0,,3322.29,False,,False
3468.048,HUL,27,18.0,84.952,24.368,39.886,20.698,4.0,SOFT,1.0,True,Audi,1,,False,129.0,183.0,266.0,252.0,3383.799,,False,,False
3553.73,HUL,27,19.0,85.682,19.94,36.616,29.126,4.0,SOFT,2.0,True,Audi,1,,True,208.0,163.0,254.0,283.0,,,False,,False
3627.821,HUL,27,20.0,74.091,19.544,35.017,19.53,4.0,SOFT,3.0,True,Audi,1,,True,214.0,200.0,265.0,283.0,,,False,,False
3713.463,HUL,27,21.0,,25.936,42.901,,4.0,SOFT,4.0,True,Audi,1,,False,108.0,163.0,,260.0,,3713.463,False,,False
963.779,COL,43,1.0,100.278,31.961,43.03,25.287,1.0,SOFT,1.0,True,Alpine,1,,False,153.0,167.0,245.0,255.0,864.543,,False,,False
1047.301,COL,43,2.0,83.522,22.187,38.913,22.422,1.0,SOFT,2.0,True,Alpine,1,,True,169.0,156.0,263.0,278.0,,,False,,False
1124.357,COL,43,3.0,77.056,20.219,36.111,20.726,1.0,SOFT,3.0,True,Alpine,1,,True,196.0,191.0,264.0,282.0,,,False,,False
1200.156,COL,43,4.0,75.799,19.925,35.746,20.128,1.0,SOFT,4.0,True,Alpine,1,,True,200.0,196.0,265.0,284.0,,,False,,False
1356.609,COL,43,5.0,,26.093,41.191,89.151,1.0,SOFT,5.0,True,Alpine,1,,False,103.0,175.0,,241.0,,1283.018,False,,False
1446.583,COL,43,6.0,89.974,27.138,40.894,21.942,2.0,SOFT,1.0,True,Alpine,1,,False,166.0,175.0,248.0,272.0,1357.359,,False,,False
1531.154,COL,43,7.0,84.571,20.786,37.815,25.97,2.0,SOFT,2.0,True,Alpine,1,,True,187.0,151.0,263.0,281.0,,,False,,False
1606.34,COL,43,8.0,75.186,19.708,35.439,20.039,2.0,SOFT,3.0,True,Alpine,1,,True,206.0,193.0,265.0,283.0,,,False,,False
1703.992,COL,43,9.0,97.652,28.563,44.879,24.21,2.0,SOFT,4.0,True,Alpine,1,,True,156.0,158.0,263.0,225.0,,,False,,False
1778.565,COL,43,10.0,74.573,19.516,35.241,19.816,2.0,SOFT,5.0,True,Alpine,12,,True,204.0,198.0,266.0,284.0,,,False,,False
2206.064,COL,43,11.0,,,,,2.0,SOFT,6.0,True,Alpine,251,,False,,,,,,1885.044,False,,False
2308.412,COL,43,12.0,102.348,38.157,41.747,22.444,3.0,SOFT,7.0,False,Alpine,1,,False,154.0,167.0,264.0,269.0,2207.035,,False,,False
2781.67,COL,43,13.0,,26.503,49.972,,3.0,SOFT,8.0,False,Alpine,1,,False,125.0,131.0,,147.0,,2403.577,False,,False
2876.079,COL,43,14.0,94.409,32.057,40.6,21.752,4.0,SOFT,1.0,True,Alpine,1,,False,152.0,176.0,264.0,265.0,2782.74,,False,,False
2959.738,COL,43,15.0,83.659,20.85,37.989,24.82,4.0,SOFT,2.0,True,Alpine,1,,True,183.0,176.0,265.0,281.0,,,False,,False
3037.334,COL,43,16.0,77.596,19.786,35.529,22.281,4.0,SOFT,3.0,True,Alpine,1,,True,199.0,194.0,262.0,284.0,,,False,,False
3111.864,COL,43,17.0,74.53,19.66,35.191,19.679,4.0,SOFT,4.0,True,Alpine,1,,True,198.0,196.0,266.0,284.0,,,False,,False
3277.846,COL,43,18.0,,22.654,40.567,,4.0,SOFT,5.0,True,Alpine,1,,False,167.0,171.0,,243.0,,3190.643,False,,False
3367.497,COL,43,19.0,89.651,27.681,39.95,22.02,5.0,SOFT,1.0,True,Alpine,1,,False,166.0,175.0,252.0,277.0,3278.543,,False,,False
3447.502,COL,43,20.0,80.005,20.909,37.793,21.303,5.0,SOFT,2.0,True,Alpine,1,,True,188.0,184.0,264.0,277.0,,,False,,False
3521.497,COL,43,21.0,73.995,19.481,35.01,19.504,5.0,SOFT,3.0,True,Alpine,1,,True,204.0,196.0,265.0,283.0,,,False,,False
3617.848,COL,43,22.0,96.351,26.919,47.994,21.438,5.0,SOFT,4.0,True,Alpine,1,,True,160.0,167.0,263.0,170.0,,,False,,False
3691.95,COL,43,23.0,74.102,19.304,35.309,19.489,5.0,SOFT,5.0,True,Alpine,1,,True,215.0,199.0,266.0,283.0,,,False,,False
3779.691,COL,43,24.0,,26.743,43.43,,5.0,SOFT,6.0,True,Alpine,1,,False,142.0,143.0,,195.0,,3779.691,False,,False
988.154,LIN,41,1.0,99.676,34.973,41.927,22.776,1.0,SOFT,1.0,True,Racing Bulls,1,,False,142.0,169.0,256.0,256.0,889.39,,False,,False
1073.287,LIN,41,2.0,85.133,21.909,41.784,21.44,1.0,SOFT,2.0,True,Racing Bulls,1,,True,171.0,170.0,264.0,275.0,,,False,,False
1149.413,LIN,41,3.0,76.126,20.049,36.072,20.005,1.0,SOFT,3.0,True,Racing Bulls,1,,True,209.0,193.0,265.0,283.0,,,False,,False
1244.372,LIN,41,4.0,94.959,25.982,45.065,23.912,1.0,SOFT,4.0,True,Racing Bulls,1,,True,97.0,148.0,262.0,219.0,,,False,,False
1319.8,LIN,41,5.0,75.428,19.936,35.652,19.84,1.0,SOFT,5.0,True,Racing Bulls,1,,True,207.0,195.0,265.0,282.0,,,False,,False
1416.843,LIN,41,6.0,97.043,19.741,35.637,41.665,1.0,SOFT,6.0,True,Racing Bulls,1,,False,213.0,194.0,,282.0,,1388.935,False,,False
1513.733,LIN,41,7.0,96.89,33.677,40.538,22.675,2.0,SOFT,1.0,True,Racing Bulls,1,,False,151.0,164.0,256.0,265.0,1417.501,,False,,False
1595.558,LIN,41,8.0,81.825,21.698,39.178,20.949,2.0,SOFT,2.0,True,Racing Bulls,1,,True,172.0,167.0,263.0,266.0,,,False,,False
1670.243,LIN,41,9.0,74.685,19.675,35.363,19.647,2.0,SOFT,3.0,True,Racing Bulls,1,,True,211.0,198.0,266.0,283.0,,,False,,False
1766.573,LIN,41,10.0,96.33,27.924,46.325,22.081,2.0,SOFT,4.0,True,Racing Bulls,1,,True,104.0,111.0,264.0,223.0,,,False,,False
2214.114,LIN,41,11.0,,19.585,,,2.0,SOFT,5.0,True,Racing Bulls,125,,False,211.0,,,,,1854.948,False,,False
2813.257,LIN,41,12.0,,39.146,39.187,,3.0,SOFT,1.0,True,Racing Bulls,1,,False,161.0,176.0,,266.0,2214.114,2306.252,False,,False
2909.157,LIN,41,13.0,95.9,35.184,39.404,21.312,4.0,SOFT,2.0,False,Racing Bulls,1,,False,154.0,177.0,259.0,262.0,2814.171,,False,,False
2991.31,LIN,41,14.0,82.153,20.593,40.955,20.605,4.0,SOFT,3.0,False,Racing Bulls,1,,True,186.0,184.0,265.0,269.0,,,False,,False
3065.558,LIN,41,15.0,74.248,19.495,35.153,19.6,4.0,SOFT,4.0,False,Racing Bulls,1,,True,209.0,197.0,265.0,282.0,,,False,,False
3159.256,LIN,41,16.0,93.698,26.725,44.055,22.918,4.0,SOFT,5.0,False,Racing Bulls,1,,True,124.0,187.0,262.0,251.0,,,False,,False
3233.611,LIN,41,17.0,74.355,19.469,35.016,19.87,4.0,SOFT,6.0,False,Racing Bulls,1,,True,213.0,193.0,265.0,282.0,,,False,,False
3357.354,LIN,41,18.0,123.743,21.608,38.706,63.429,4.0,SOFT,7.0,False,Racing Bulls,1,,False,174.0,175.0,,260.0,,3308.66,False,,False
3454.432,LIN,41,19.0,97.078,28.534,43.126,25.418,5.0,SOFT,1.0,True,Racing Bulls,1,,False,66.0,172.0,257.0,264.0,3358.103,,False,,False
3541.127,LIN,41,20.0,86.695,20.874,41.837,23.984,5.0,SOFT,2.0,True,Racing Bulls,1,,True,181.0,173.0,258.0,253.0,,,False,,False
3628.93,LIN,41,21.0,87.803,19.641,45.858,22.304,5.0,SOFT,3.0,True,Racing Bulls,1,,True,203.0,188.0,264.0,259.0,,,False,,False
3703.293,LIN,41,22.0,74.363,19.449,35.254,19.66,5.0,SOFT,4.0,True,Racing Bulls,1,,True,215.0,197.0,266.0,281.0,,,False,,False
3789.136,LIN,41,23.0,,23.58,42.944,,5.0,SOFT,5.0,True,Racing Bulls,1,,False,125.0,128.0,,244.0,,3789.136,False,,False
1005.937,BOR,5,1.0,97.275,33.844,40.689,22.742,1.0,SOFT,1.0,True,Audi,1,,False,148.0,169.0,262.0,263.0,911.045,,False,,False
1096.925,BOR,5,2.0,90.988,21.323,42.587,27.078,1.0,SOFT,2.0,True,Audi,1,,True,179.0,142.0,264.0,281.0,,,False,,False
1174.33,BOR,5,3.0,77.405,19.916,35.749,21.74,1.0,SOFT,3.0,True,Audi,1,,True,206.0,195.0,264.0,283.0,,,False,,False
1249.013,BOR,5,4.0,74.683,19.493,35.314,19.876,1.0,SOFT,4.0,True,Audi,1,,True,212.0,200.0,265.0,284.0,,,False,,False
1347.227,BOR,5,5.0,98.214,25.505,48.25,24.459,1.0,SOFT,5.0,True,Audi,1,,True,166.0,47.0,265.0,269.0,,,False,,False
1422.337,BOR,5,6.0,75.11,19.523,35.421,20.166,1.0,SOFT,6.0,True,Audi,1,,True,210.0,196.0,266.0,284.0,,,False,,False
1537.987,BOR,5,7.0,115.65,21.686,40.74,53.224,1.0,SOFT,7.0,True,Audi,1,,False,181.0,182.0,,251.0,,1501.526,False,,False
1631.578,BOR,5,8.0,93.591,29.012,41.828,22.751,2.0,SOFT,1.0,True,Audi,1,,False,151.0,177.0,264.0,266.0,1538.786,,False,,False
1726.647,BOR,5,9.0,95.069,20.792,46.29,27.987,2.0,SOFT,2.0,True,Audi,1,,True,181.0,166.0,262.0,281.0,,,True,TRACK LIMITS AT TURN 10 LAP 10 ,False
1991.15,BOR,5,10.0,,19.531,46.29,,2.0,SOFT,3.0,True,Audi,125,,False,209.0,,,283.0,,1991.15,False,,False
977.801,OCO,31,1.0,100.338,37.52,40.355,22.463,1.0,SOFT,1.0,True,Haas F1 Team,1,,False,153.0,173.0,257.0,258.0,879.763,,False,,False
1060.602,OCO,31,2.0,82.801,21.102,38.101,23.598,1.0,SOFT,2.0,True,Haas F1 Team,1,,True,177.0,176.0,263.0,280.0,,,False,,False
1137.221,OCO,31,3.0,76.619,20.138,36.041,20.44,1.0,SOFT,3.0,True,Haas F1 Team,1,,True,195.0,177.0,265.0,281.0,,,False,,False
1212.564,OCO,31,4.0,75.343,19.851,35.431,20.061,1.0,SOFT,4.0,True,Haas F1 Team,1,,True,198.0,197.0,264.0,282.0,,,False,,False
1313.268,OCO,31,5.0,100.704,31.546,46.696,22.462,1.0,SOFT,5.0,True,Haas F1 Team,1,,True,105.0,172.0,262.0,252.0,,,False,,False
1388.311,OCO,31,6.0,75.043,19.773,35.361,19.909,1.0,SOFT,6.0,True,Haas F1 Team,1,,True,202.0,194.0,264.0,281.0,,,False,,False
1490.975,OCO,31,7.0,102.664,20.58,38.637,43.447,1.0,SOFT,7.0,True,Haas F1 Team,1,,False,173.0,166.0,,265.0,,1463.785,False,,False
1585.63,OCO,31,8.0,94.655,26.709,41.077,26.869,2.0,SOFT,1.0,True,Haas F1 Team,1,,False,161.0,172.0,255.0,239.0,1491.725,,False,,False
1666.729,OCO,31,9.0,81.099,20.384,37.376,23.339,2.0,SOFT,2.0,True,Haas F1 Team,1,,True,190.0,179.0,264.0,281.0,,,True,TRACK LIMITS AT TURN 16 LAP 10 ,False
1741.451,OCO,31,10.0,74.722,19.62,35.247,19.855,2.0,SOFT,3.0,True,Haas F1 Team,1,,True,210.0,196.0,264.0,281.0,,,False,,False
2190.703,OCO,31,11.0,,24.932,,,2.0,SOFT,4.0,True,Haas F1 Team,125,,False,157.0,,,179.0,,1836.792,False,,False
2284.355,OCO,31,12.0,93.652,33.781,38.547,21.324,3.0,SOFT,1.0,True,Haas F1 Team,1,,False,164.0,182.0,265.0,263.0,2192.528,,False,,False
2359.324,OCO,31,13.0,74.969,19.829,35.34,19.8,3.0,SOFT,2.0,True,Haas F1 Team,1,,True,202.0,194.0,264.0,281.0,,,False,,False
2450.489,OCO,31,14.0,,28.162,43.946,,3.0,SOFT,3.0,True,Haas F1 Team,1,,False,126.0,149.0,,208.0,,2450.489,False,,False
946.487,PER,11,1.0,,,40.109,22.357,1.0,SOFT,1.0,True,Cadillac,1,,False,157.0,170.0,259.0,254.0,856.649,,False,,False
1026.729,PER,11,2.0,80.242,21.249,36.96,22.033,1.0,SOFT,2.0,True,Cadillac,1,,True,185.0,187.0,263.0,278.0,,,False,,False
1103.472,PER,11,3.0,76.743,20.452,35.926,20.365,1.0,SOFT,3.0,True,Cadillac,1,,True,201.0,189.0,263.0,280.0,,,False,,False
1194.369,PER,11,4.0,90.897,27.472,40.891,22.534,1.0,SOFT,4.0,True,Cadillac,1,,True,171.0,155.0,263.0,266.0,,,True,TRACK LIMITS AT TURN 10 LAP 5 ,False
1270.425,PER,11,5.0,76.056,20.098,35.622,20.336,1.0,SOFT,5.0,True,Cadillac,1,,True,205.0,193.0,262.0,281.0,,,False,,False
1553.138,PER,11,6.0,,24.483,40.771,,1.0,SOFT,6.0,True,Cadillac,1,,False,117.0,168.0,,263.0,,1352.134,False,,False
1640.122,PER,11,7.0,86.984,25.074,38.422,23.488,2.0,SOFT,1.0,True,Cadillac,1,,False,175.0,181.0,258.0,258.0,1553.846,,False,,False
1717.368,PER,11,8.0,77.246,20.341,36.346,20.559,2.0,SOFT,2.0,True,Cadillac,1,,True,192.0,192.0,264.0,281.0,,,False,,False
1792.115,PER,11,9.0,74.747,19.485,35.304,19.958,2.0,SOFT,3.0,True,Cadillac,12,,True,217.0,195.0,264.0,282.0,,,False,,False
2176.089,PER,11,10.0,,,,,2.0,SOFT,4.0,True,Cadillac,251,,False,,,,,,1891.949,False,,False
2260.312,PER,11,11.0,,,37.977,20.931,3.0,SOFT,4.0,False,Cadillac,1,,False,185.0,180.0,263.0,251.0,2176.089,,False,,False
2331.953,PER,11,12.0,,20.082,36.395,,3.0,SOFT,5.0,False,Cadillac,1,,False,209.0,187.0,,280.0,,2331.953,False,,False
972.554,BEA,87,1.0,99.025,35.724,40.889,22.412,1.0,SOFT,1.0,True,Haas F1 Team,1,,False,144.0,172.0,249.0,255.0,874.742,,False,,False
1055.862,BEA,87,2.0,83.308,21.467,37.748,24.093,1.0,SOFT,2.0,True,Haas F1 Team,1,,True,184.0,184.0,262.0,263.0,,,False,,False
1131.798,BEA,87,3.0,75.936,20.143,35.65,20.143,1.0,SOFT,3.0,True,Haas F1 Team,1,,True,203.0,190.0,263.0,280.0,,,False,,False
1219.522,BEA,87,4.0,87.724,24.655,41.294,21.775,1.0,SOFT,4.0,True,Haas F1 Team,1,,True,75.0,179.0,263.0,266.0,,,False,,False
1294.868,BEA,87,5.0,75.346,20.077,35.379,19.89,1.0,SOFT,5.0,True,Haas F1 Team,1,,True,205.0,192.0,264.0,281.0,,,False,,False
1385.731,BEA,87,6.0,90.863,25.23,44.284,21.349,1.0,SOFT,6.0,True,Haas F1 Team,1,,True,139.0,169.0,264.0,260.0,,,False,,False
1460.636,BEA,87,7.0,74.905,19.748,35.178,19.979,1.0,SOFT,7.0,True,Haas F1 Team,1,,True,213.0,196.0,261.0,280.0,,,False,,False
1568.238,BEA,87,8.0,107.602,25.187,39.782,42.633,1.0,SOFT,8.0,True,Haas F1 Team,1,,False,176.0,168.0,,211.0,,1541.559,False,,False
1661.065,BEA,87,9.0,92.827,30.682,40.466,21.679,2.0,SOFT,1.0,True,Haas F1 Team,1,,False,77.0,174.0,254.0,264.0,1568.962,,False,,False
1742.824,BEA,87,10.0,81.759,21.104,37.965,22.69,2.0,SOFT,2.0,True,Haas F1 Team,1,,True,178.0,176.0,263.0,264.0,,,False,,False
2187.569,BEA,87,11.0,,19.566,,,2.0,SOFT,3.0,True,Haas F1 Team,125,,False,213.0,,,260.0,,1834.148,False,,False
2281.691,BEA,87,12.0,94.122,33.5,38.37,22.252,3.0,SOFT,1.0,True,Haas F1 Team,1,,False,167.0,186.0,264.0,261.0,2189.464,,False,,False
2356.505,BEA,87,13.0,74.814,19.699,35.214,19.901,3.0,SOFT,2.0,True,Haas F1 Team,1,,True,211.0,200.0,262.0,281.0,,,False,,False
2448.719,BEA,87,14.0,,28.55,44.981,,3.0,SOFT,3.0,True,Haas F1 Team,1,,False,124.0,125.0,,203.0,,2448.719,False,,False
954.422,BOT,77,1.0,95.853,30.44,42.177,23.236,1.0,SOFT,1.0,True,Cadillac,1,,False,156.0,162.0,260.0,252.0,860.223,,False,,False
1036.178,BOT,77,2.0,81.756,22.226,38.039,21.491,1.0,SOFT,2.0,True,Cadillac,1,,True,182.0,179.0,262.0,278.0,,,False,,False
1113.353,BOT,77,3.0,77.175,20.38,36.103,20.692,1.0,SOFT,3.0,True,Cadillac,1,,True,204.0,185.0,263.0,280.0,,,False,,False
1206.062,BOT,77,4.0,92.709,24.741,43.604,24.364,1.0,SOFT,4.0,True,Cadillac,1,,True,175.0,165.0,261.0,266.0,,,False,,False
1282.434,BOT,77,5.0,76.372,20.283,35.909,20.18,1.0,SOFT,5.0,True,Cadillac,1,,True,209.0,188.0,263.0,280.0,,,False,,False
1377.091,BOT,77,6.0,94.657,24.332,46.572,23.753,1.0,SOFT,6.0,True,Cadillac,1,,True,77.0,151.0,263.0,236.0,,,False,,False
1611.81,BOT,77,7.0,,20.126,37.027,,1.0,SOFT,7.0,True,Cadillac,1,,False,206.0,173.0,,280.0,,1449.835,False,,False
1710.222,BOT,77,8.0,98.412,29.315,46.811,22.286,2.0,SOFT,1.0,True,Cadillac,1,,False,89.0,168.0,264.0,259.0,1612.634,,False,,False
1785.514,BOT,77,9.0,75.292,19.963,35.42,19.909,2.0,SOFT,2.0,True,Cadillac,12,,True,208.0,188.0,264.0,281.0,,,False,,False
2177.341,BOT,77,10.0,,,,,2.0,SOFT,3.0,True,Cadillac,251,,False,,,,,,1886.715,False,,False
2266.873,BOT,77,11.0,89.532,29.178,38.945,21.409,3.0,SOFT,4.0,False,Cadillac,1,,False,186.0,180.0,263.0,250.0,2179.456,,False,,False
2342.156,BOT,77,12.0,75.283,19.862,35.43,19.991,3.0,SOFT,5.0,False,Cadillac,1,,True,210.0,190.0,262.0,280.0,,,False,,False
2438.994,BOT,77,13.0,,27.976,50.026,,3.0,SOFT,6.0,False,Cadillac,1,,False,124.0,120.0,,176.0,,2438.994,False,,False
1009.48,ALO,14,1.0,92.384,29.753,39.714,22.917,1.0,SOFT,1.0,True,Aston Martin,1,,False,162.0,172.0,246.0,260.0,919.498,,False,,False
1101.807,ALO,14,2.0,92.327,21.593,44.858,25.876,1.0,SOFT,2.0,True,Aston Martin,1,,True,182.0,170.0,255.0,260.0,,,False,,False
1177.88,ALO,14,3.0,76.073,20.077,35.869,20.127,1.0,SOFT,3.0,True,Aston Martin,1,,True,205.0,191.0,257.0,277.0,,,False,,False
1267.068,ALO,14,4.0,89.188,24.692,41.512,22.984,1.0,SOFT,4.0,True,Aston Martin,1,,True,164.0,169.0,255.0,260.0,,,False,,False
1343.098,ALO,14,5.0,76.03,19.963,35.838,20.229,1.0,SOFT,5.0,True,Aston Martin,1,,True,206.0,188.0,259.0,276.0,,,False,,False
1453.47,ALO,14,6.0,110.372,23.636,41.734,45.002,1.0,SOFT,6.0,True,Aston Martin,1,,False,91.0,171.0,,239.0,,1424.827,False,,False
1546.893,ALO,14,7.0,93.423,26.496,41.472,25.455,2.0,SOFT,1.0,True,Aston Martin,1,,False,168.0,174.0,247.0,260.0,1454.141,,False,,False
1630.382,ALO,14,8.0,83.489,21.372,39.444,22.673,2.0,SOFT,2.0,True,Aston Martin,1,,True,184.0,177.0,257.0,265.0,,,False,,False
1705.731,ALO,14,9.0,75.349,19.764,35.556,20.029,2.0,SOFT,3.0,True,Aston Martin,1,,True,208.0,192.0,259.0,278.0,,,False,,False
1801.899,ALO,14,10.0,96.168,22.595,49.315,24.258,2.0,SOFT,4.0,True,Aston Martin,12,,True,176.0,173.0,243.0,242.0,,,False,,False
2197.029,ALO,14,11.0,,,,,2.0,SOFT,5.0,True,Aston Martin,251,,False,,,,,,1897.172,False,,False
2292.031,ALO,14,12.0,95.002,31.637,41.229,22.136,3.0,SOFT,6.0,False,Aston Martin,1,,False,181.0,179.0,258.0,257.0,2197.999,,False,,False
2361.853,ALO,14,13.0,,19.896,35.568,,3.0,SOFT,7.0,False,Aston Martin,1,,False,209.0,192.0,,276.0,,2361.853,False,,False
1015.291,STR,18,1.0,94.511,32.358,39.725,22.428,1.0,SOFT,1.0,True,Aston Martin,1,,False,169.0,171.0,245.0,258.0,921.968,,False,,False
1107.241,STR,18,2.0,91.95,21.533,41.312,29.105,1.0,SOFT,2.0,True,Aston Martin,1,,True,186.0,171.0,252.0,251.0,,,False,,False
1184.206,STR,18,3.0,76.965,20.441,36.14,20.384,1.0,SOFT,3.0,True,Aston Martin,1,,True,206.0,189.0,258.0,276.0,,,False,,False
1273.897,STR,18,4.0,89.691,22.665,40.335,26.691,1.0,SOFT,4.0,True,Aston Martin,1,,True,169.0,174.0,256.0,261.0,,,False,,False
1349.958,STR,18,5.0,76.061,20.05,35.799,20.212,1.0,SOFT,5.0,True,Aston Martin,1,,True,209.0,193.0,259.0,276.0,,,False,,False
1458.601,STR,18,6.0,108.643,22.774,39.767,46.102,1.0,SOFT,6.0,True,Aston Martin,1,,False,170.0,163.0,,261.0,,1429.394,False,,False
1550.166,STR,18,7.0,91.565,28.92,40.254,22.391,2.0,SOFT,1.0,True,Aston Martin,1,,False,95.0,177.0,246.0,260.0,1459.335,,False,,False
1635.917,STR,18,8.0,85.751,21.198,38.97,25.583,2.0,SOFT,2.0,True,Aston Martin,1,,True,192.0,156.0,258.0,259.0,,,False,,False
1713.352,STR,18,9.0,77.435,19.948,35.972,21.515,2.0,SOFT,3.0,True,Aston Martin,1,,True,212.0,191.0,253.0,276.0,,,True,TRACK LIMITS AT TURN 16 LAP 10 ,False
2210.281,STR,18,10.0,,28.119,43.381,,2.0,SOFT,4.0,True,Aston Martin,125,,False,118.0,159.0,,247.0,,1806.895,False,,False
2304.224,STR,18,11.0,,37.572,40.215,,3.0,SOFT,7.0,False,Aston Martin,1,,False,168.0,173.0,,253.0,2210.281,2304.224,False,,False
